,accX,accY,accZ,gyroX,gyroY,gyroZ
0,10435,-9219,9759,123,-2558,-31
1,10610,-9387,9886,227,-2810,3
2,10692,-9530,10018,331,-2779,115
3,10723,-9670,10177,468,-2659,255
4,10787,-9806,10324,658,-2601,395
5,10871,-9892,10523,918,-2563,572
6,10900,-9942,10794,1252,-2422,812
7,10902,-10011,11151,1649,-2193,1118
8,10913,-10098,11562,2109,-1897,1489
9,10837,-10133,11894,2656,-1508,1935
10,10727,-10112,12195,3297,-1167,2441
11,10704,-10121,12523,4012,-924,2926
12,10816,-10143,12880,4814,-753,3410
13,11014,-10095,13257,5706,-538,3904
14,11186,-10030,13635,6672,-196,4359
15,11435,-9991,14032,7701,178,4732
16,11730,-9917,14365,8788,598,4979
17,11953,-9722,14588,9906,1105,5109
18,12119,-9450,14719,11044,1613,5112
19,12282,-9110,14726,12170,1993,4975
20,12412,-8640,14608,13247,2268,4705
21,12558,-8077,14525,14241,2518,4304
22,12673,-7508,14439,15117,2830,3777
23,12669,-6914,14280,15879,3256,3158
24,12545,-6311,14111,16543,3714,2466
25,12441,-5730,14029,17135,4121,1711
26,12325,-5137,13936,17697,4596,915
27,12141,-4483,13842,18222,5178,104
28,11768,-3756,13745,18720,5891,-660
29,11258,-2955,13636,19178,6618,-1355
30,10717,-2098,13433,19559,7299,-2010
31,10186,-1272,13203,19814,7999,-2699
32,9668,-463,12890,19988,8803,-3508
33,9145,365,12504,20067,9716,-4503
34,8380,1082,11923,19996,10572,-5431
35,7718,1822,11396,19946,10971,-6003
36,7224,2556,10909,19827,11091,-6378
37,6700,3221,10307,19546,11246,-6775
38,5923,3769,9572,19123,11387,-7242
39,5115,4287,8850,18642,11223,-7562
40,4457,4807,8327,18058,10711,-7627
41,3919,5296,8061,17340,10064,-7527
42,3362,5789,7911,16531,9475,-7302
43,2754,6315,7822,15724,8920,-7013
44,2129,6856,7808,14991,8291,-6728
45,1556,7423,7906,14405,7601,-6510
46,967,8002,8056,13920,6943,-6430
47,260,8535,8149,13520,6439,-6504
48,-590,9042,8107,13216,6097,-6585
49,-1380,9519,8023,13002,5784,-6574
50,-2131,9954,7865,12873,5476,-6541
51,-2812,10329,7588,12827,5111,-6479
52,-3339,10698,7224,12906,4643,-6412
53,-3715,10993,6877,13015,4134,-6366
54,-3997,11221,6544,13091,3697,-6347
55,-4225,11404,6171,13125,3404,-6348
56,-4517,11493,5715,13119,3219,-6372
57,-4779,11571,5261,13136,2948,-6428
58,-4941,11652,4891,13185,2533,-6559
59,-5098,11704,4557,13252,2123,-6796
60,-5347,11687,4163,13306,1801,-7105
61,-5683,11634,3738,13400,1448,-7464
62,-6046,11567,3241,13527,982,-7810
63,-6433,11487,2700,13661,419,-8103
64,-6943,11363,2046,13789,-167,-8361
65,-7659,11204,1193,13977,-874,-8653
66,-8359,10908,385,14111,-1805,-8881
67,-8973,10520,-524,14016,-2601,-8809
68,-9532,10148,-1530,13723,-3278,-8422
69,-10161,9809,-2750,13184,-3893,-7703
70,-10848,9359,-4228,12417,-4569,-6720
71,-11611,8853,-6145,11864,-5512,-5612
72,-12244,8115,-8260,11349,-6842,-4187
73,-12581,7330,-10129,10456,-8436,-2277
74,-12601,6585,-11433,8629,-10047,356
75,-12214,5860,-12189,5475,-11439,3598
76,-11390,5258,-12459,1651,-12430,6514
77,-10242,4554,-12178,-1790,-13121,9140
78,-8750,3430,-11437,-4888,-13776,11502
79,-7035,1852,-10451,-7676,-14586,13629
80,-5247,-687,-9179,-10185,-15338,15543
81,-3149,-3895,-7143,-12443,-15747,17265
82,-531,-6782,-3806,-14475,-15205,18815
83,1279,-9381,-246,-16305,-13219,20048
84,2297,-11132,2937,-17951,-11061,20690
85,3026,-11372,5788,-18310,-9930,20752
86,3671,-11084,8248,-17773,-9693,19914
87,4231,-10835,10208,-16917,-9489,18329
88,4599,-10429,11725,-15829,-8724,16458
89,4588,-10033,12890,-14724,-7401,14613
90,4370,-9650,13794,-13622,-6052,12909
91,4143,-9280,14460,-12525,-5009,11386
92,3957,-8932,14912,-11457,-4235,10072
93,3798,-8648,15216,-10415,-3621,8926
94,3720,-8435,15427,-9372,-3181,7851
95,3731,-8283,15580,-8314,-2883,6772
96,3743,-8223,15686,-7236,-2629,5661
97,3820,-8280,15783,-6090,-2442,4488
98,3984,-8429,15836,-4848,-2342,3238
99,4162,-8659,15832,-3506,-2268,1931
100,4389,-8905,15776,-2071,-2207,608
101,4653,-9142,15633,-612,-2137,-713
102,4869,-9210,15485,842,-2003,-1987
103,5016,-9072,15402,2209,-1739,-3145
104,5139,-8878,15422,3399,-1291,-4158
105,5162,-8667,15444,4433,-717,-4997
106,4993,-8139,15452,5482,-226,-5667
107,4768,-7385,15426,6467,1,-6151
108,4629,-6641,15385,7269,39,-6422
109,4561,-5910,15301,7927,68,-6472
110,4429,-5055,15192,8487,171,-6331
111,4242,-4067,15109,8911,316,-5992
112,4061,-3152,15052,9103,462,-5491
113,3779,-2305,14865,9116,666,-4865
114,3534,-1419,14649,9043,868,-4110
115,3364,-515,14493,8842,992,-3245
116,3186,458,14351,8533,1129,-2329
117,2977,1502,14165,8068,1293,-1392
118,2753,2540,13957,7410,1440,-466
119,2572,3407,13926,6574,1559,425
120,2462,4093,14073,5639,1680,1322
121,2330,4651,14173,4689,1801,2211
122,2220,5147,14202,3841,1858,3058
123,2235,5570,14352,3146,1835,3836
124,2245,6018,14505,2612,1900,4508
125,2166,6471,14635,2203,2078,5100
126,2049,6853,14887,1927,2232,5634
127,1977,7154,15227,1787,2286,6088
128,2011,7389,15624,1785,2264,6441
129,2133,7570,16055,1932,2270,6711
130,2200,7714,16469,2273,2383,6842
131,2201,7953,16747,2847,2575,6757
132,2239,8331,16971,3561,2838,6443
133,2159,8618,16973,4219,3416,5948
134,1887,8807,16706,4839,4337,5358
135,1642,8977,16466,5397,5165,4828
136,1421,9130,16250,5899,5911,4350
137,1062,9306,15624,6390,6657,3559
138,739,9465,15060,6832,7329,2847
139,423,9635,14425,7198,7676,2059
140,139,9788,13854,7526,7989,1350
141,-174,9882,13283,7883,7933,570
142,-628,9937,12685,8242,7749,-179
143,-1096,10038,12137,8609,7384,-869
144,-1504,10162,11821,8952,6903,-1508
145,-1881,10279,11687,9225,6477,-2073
146,-2220,10385,11567,9472,6093,-2581
147,-2587,10498,11415,9672,5984,-2954
148,-2954,10627,11279,9912,5900,-3258
149,-3284,10743,11157,10127,5823,-3532
150,-3571,10957,10900,10353,5819,-3826
151,-3875,11137,10579,10490,5913,-4114
152,-4163,11347,10186,10545,5984,-4412
153,-4434,11573,9801,10519,6008,-4770
154,-4730,11748,9411,10393,6057,-5130
155,-5068,11867,8957,10213,6057,-5425
156,-5349,11954,8528,10030,5905,-5641
157,-5601,11984,8131,9851,5673,-5809
158,-5829,11997,7753,9657,5461,-5928
159,-6112,11976,7288,9434,5323,-5994
160,-6428,11955,6736,9205,5209,-5988
161,-6731,11951,6174,8941,5012,-5915
162,-6927,11979,5637,8658,4589,-5801
163,-6993,12049,5195,8366,4040,-5671
164,-7093,12099,4750,8044,3565,-5599
165,-7304,12151,4327,7711,3155,-5587
166,-7589,12169,3974,7379,2711,-5595
167,-7879,12198,3675,7092,2182,-5587
168,-8104,12224,3485,6876,1603,-5580
169,-8337,12207,3333,6728,1098,-5592
170,-8609,12194,3150,6675,668,-5620
171,-8929,12158,2922,6713,275,-5660
172,-9250,12099,2623,6827,-86,-5683
173,-9589,12028,2280,7011,-389,-5686
174,-10010,11939,1809,7289,-632,-5670
175,-10462,11840,1252,7683,-903,-5616
176,-10989,11717,487,8113,-1137,-5476
177,-11596,11586,-494,8538,-1300,-5214
178,-12362,11454,-1730,8922,-1430,-4809
179,-13285,11310,-3268,9251,-1699,-4213
180,-14163,11127,-5047,9432,-2271,-3227
181,-14734,10850,-6943,9457,-3250,-1836
182,-14922,10452,-8855,9197,-4619,-30
183,-14681,9921,-10745,8275,-6303,2288
184,-14238,9104,-12402,6372,-8045,5077
185,-13250,8074,-13582,3416,-9821,7846
186,-11514,6701,-14122,-201,-11702,10338
187,-9210,4516,-14044,-3458,-13195,12581
188,-6726,1466,-13813,-6389,-14117,14600
189,-3898,-1957,-12636,-9027,-14651,16416
190,-836,-5038,-10000,-11401,-14212,18051
191,1269,-7811,-6668,-13537,-11819,19523
192,1827,-10306,-3233,-15460,-8311,20847
193,1746,-11714,227,-17191,-6108,21312
194,1971,-11843,3481,-17598,-5898,20779
195,2532,-11660,6277,-17332,-6250,19347
196,2911,-11466,8572,-16808,-5919,17406
197,2778,-11270,10445,-16080,-4850,15385
198,2346,-10954,11978,-15170,-3773,13492
199,1907,-10516,13255,-14172,-3176,11781
200,1695,-10147,14317,-13140,-3028,10291
201,1680,-9886,15197,-11991,-3031,8965
202,1783,-9638,15908,-10682,-3057,7651
203,2048,-9404,16535,-9243,-3094,6277
204,2429,-9257,17087,-7711,-3067,4854
205,2873,-9248,17394,-6040,-3080,3343
206,3431,-9330,17500,-4156,-3395,1670
207,4051,-9405,17585,-2143,-3939,-149
208,4634,-9321,17648,-132,-4358,-1972
209,5093,-9100,17614,1732,-4407,-3694
210,5294,-8888,17424,3385,-4078,-5247
211,5228,-8517,17160,4815,-3584,-6593
212,5007,-7876,16858,5992,-3080,-7690
213,4727,-7060,16561,6894,-2525,-8493
214,4369,-6352,16255,7511,-1902,-9022
215,3967,-5740,15958,7946,-1371,-9313
216,3580,-4972,15646,8307,-1104,-9470
217,3320,-3996,15338,8550,-1049,-9502
218,3211,-3042,15097,8554,-1017,-9383
219,3035,-2276,14825,8305,-829,-9129
220,2697,-1561,14474,7944,-553,-8768
221,2355,-718,14142,7563,-428,-8293
222,2081,115,13836,7075,-538,-7675
223,1892,821,13734,6462,-806,-6900
224,1763,1522,13723,5813,-1075,-6018
225,1580,2135,13689,5103,-1250,-5061
226,1372,2711,13666,4446,-1491,-3999
227,1213,3286,13669,3941,-2025,-2831
228,1274,3850,13796,3593,-2945,-1551
229,1723,4423,14246,3365,-3898,-252
230,2045,4948,14690,3133,-4181,1033
231,2153,5402,15032,3002,-3984,2323
232,2302,5894,15314,3141,-3774,3600
233,2611,6424,15547,3457,-3584,4811
234,2953,6879,15589,3848,-3382,5885
235,3348,7301,15417,4369,-3294,6747
236,4013,7779,15266,4988,-3229,7335
237,4598,8218,15113,5495,-2772,7638
238,4835,8566,14825,5864,-1848,7748
239,4892,8884,14566,6191,-893,7725
240,4960,9175,14405,6450,-102,7563
241,5091,9408,14306,6640,614,7250
242,5293,9602,14453,6841,1359,6820
243,5487,9810,14586,7066,2302,6316
244,5591,9994,14542,7301,3423,5730
245,5587,10154,14468,7594,4593,5088
246,5484,10316,14354,7954,5707,4418
247,5371,10479,14153,8323,6684,3725
248,5359,10705,13996,8657,7565,3027
249,5317,10911,13718,8852,8481,2331
250,5196,11073,13291,8968,9318,1606
251,5056,11292,12937,9113,9975,832
252,4758,11505,12592,9248,10569,-11
253,4347,11675,12192,9323,11116,-812
254,3841,11842,11684,9354,11567,-1547
255,3334,11984,11203,9346,11825,-2233
256,2924,12165,10765,9329,11911,-2881
257,2493,12312,10329,9274,11977,-3533
258,1980,12428,9881,9216,12050,-4185
259,1360,12520,9405,9151,12048,-4808
260,698,12606,8913,9042,11908,-5380
261,75,12699,8463,8858,11625,-5885
262,-495,12816,8018,8565,11291,-6299
263,-1053,12904,7602,8155,10913,-6652
264,-1584,12987,7243,7653,10469,-6962
265,-2061,13007,6918,7076,9935,-7243
266,-2499,12970,6648,6489,9348,-7463
267,-2922,12884,6424,5916,8820,-7615
268,-3423,12732,6189,5356,8380,-7714
269,-4026,12550,5961,4832,7908,-7763
270,-4557,12376,5767,4359,7318,-7754
271,-4934,12322,5671,3930,6739,-7664
272,-5324,12250,5587,3474,6340,-7557
273,-5725,12178,5490,3079,6006,-7451
274,-6086,12119,5427,2783,5623,-7355
275,-6409,12024,5380,2531,5249,-7281
276,-6738,11889,5291,2308,4959,-7226
277,-7150,11715,5123,2117,4768,-7199
278,-7621,11519,4913,1972,4617,-7178
279,-8089,11338,4697,1883,4418,-7130
280,-8486,11135,4499,1810,4159,-7045
281,-8827,10958,4260,1777,3883,-6931
282,-9159,10831,4017,1803,3592,-6823
283,-9476,10732,3794,1896,3237,-6741
284,-9780,10637,3552,2082,2772,-6700
285,-10037,10558,3324,2362,2238,-6702
286,-10342,10462,3070,2669,1839,-6735
287,-10795,10311,2735,3007,1647,-6782
288,-11328,10136,2317,3477,1497,-6802
289,-11868,9962,1787,4116,1264,-6772
290,-12362,9788,1097,4868,971,-6666
291,-12886,9628,195,5737,655,-6497
292,-13470,9453,-896,6588,317,-6145
293,-14018,9336,-2168,7430,-180,-5540
294,-14430,9367,-3689,8186,-910,-4628
295,-14641,9476,-5132,8702,-1987,-3406
296,-14578,9508,-6506,8744,-3370,-1836
297,-14233,9476,-7663,8311,-4949,65
298,-13662,9447,-8634,7393,-6522,2240
299,-12887,9319,-9312,5870,-8095,4618
300,-12076,8975,-9644,3704,-9638,7079
301,-11134,8403,-9712,942,-11109,9604
302,-9932,7558,-9420,-2428,-12496,11920
303,-8536,6129,-8814,-5462,-13555,14005
304,-6913,3719,-8117,-8192,-14182,15881
305,-4998,70,-7148,-10650,-14540,17570
306,-2467,-3212,-4355,-12862,-14422,19090
307,-153,-6168,-882,-14852,-12724,20457
308,1908,-8700,2482,-16644,-10425,21688
309,2477,-9215,5245,-17328,-9126,21507
310,2764,-9000,7817,-16374,-9317,19655
311,3022,-8806,10131,-15516,-9488,17988
312,3489,-8613,11683,-14618,-8455,15405
313,3223,-8378,12953,-13926,-6302,13323
314,2253,-8303,13768,-13355,-4105,11672
315,1281,-8355,14330,-12718,-2989,10369
316,766,-8348,14822,-11862,-3038,9289
317,695,-8343,15210,-10818,-3613,8283
318,952,-8355,15375,-9578,-4216,7215
319,1344,-8469,15273,-8201,-4610,5998
320,1743,-8769,14908,-6756,-4774,4598
321,2170,-9239,14405,-5262,-4811,3060
322,2621,-9736,13793,-3762,-4800,1489
323,3031,-10052,13192,-2334,-4796,16
324,3358,-10013,12659,-1059,-4776,-1210
325,3626,-9720,12231,-64,-4683,-2098
326,3714,-9416,11863,555,-4485,-2621
327,3528,-9104,11523,847,-4321,-2770
328,3184,-8576,11187,967,-4438,-2526
329,2861,-7854,10760,887,-5058,-1843
330,2706,-7250,10332,567,-6350,-741
331,2911,-6682,10114,203,-8201,714
332,3438,-5973,10037,-261,-10044,2395
333,4035,-5299,9975,-1087,-11424,4144
334,4641,-4848,10174,-2343,-12280,5962
335,5203,-4762,10677,-3986,-12780,7893
336,5755,-4852,11285,-5836,-13108,9861
337,6552,-5076,12029,-7711,-13547,11700
338,7557,-5596,12741,-9551,-13996,13275
339,8562,-6305,13255,-11192,-14283,14570
340,9456,-7029,13587,-12519,-14454,15618
341,10209,-7734,13835,-13550,-14529,16438
342,10641,-8468,14159,-14356,-14451,17063
343,10747,-9338,14416,-14908,-14251,17551
344,10666,-10232,14351,-14979,-14483,17935
345,10871,-11009,14393,-14307,-15948,18157
346,11444,-11440,14147,-13040,-17630,18390
347,12138,-11659,13956,-11620,-19143,18445
348,12990,-11732,13699,-10401,-20143,18286
349,13494,-11858,13488,-9546,-19800,17858
350,13739,-11980,13117,-8835,-18475,17138
351,13809,-12227,12656,-8151,-16758,16108
352,13708,-12546,12276,-7374,-14935,14863
353,13465,-12819,11880,-6442,-13177,13501
354,13140,-13056,11459,-5388,-11686,12069
355,12855,-13242,11119,-4246,-10524,10559
356,12676,-13368,10830,-3066,-9516,9021
357,12574,-13502,10666,-1912,-8461,7502
358,12461,-13649,10563,-776,-7258,5977
359,12403,-13871,10535,381,-6018,4404
360,12479,-14187,10701,1591,-4878,2749
361,12604,-14576,10984,2914,-3775,1025
362,12902,-14954,11411,4433,-2780,-758
363,13456,-15374,12014,6086,-1928,-2621
364,14083,-15774,12652,7792,-912,-4539
365,14725,-16017,13333,9513,409,-6434
366,15172,-16169,13954,11220,1961,-8324
367,15474,-16168,14581,12928,3524,-10170
368,15718,-16034,15161,14623,5045,-11940
369,15794,-15853,15553,16268,6570,-13635
370,15607,-15514,15722,17918,7986,-15223
371,15375,-15022,15824,19403,9182,-16677
372,15051,-14529,15818,20739,10302,-17991
373,14556,-14005,15753,21942,11400,-19147
374,13931,-13439,15497,23025,12422,-20118
375,13165,-12813,15024,23999,13271,-20961
376,12319,-11997,14446,24876,13952,-21661
377,11446,-11044,13754,25665,14636,-22273
378,10661,-10186,13131,26375,15253,-22825
379,9588,-9210,12347,27014,15838,-23055
380,8622,-8331,11641,27589,16364,-23262
381,7684,-7217,10771,27948,16474,-23235
382,6822,-6155,9887,28091,16571,-23115
383,5900,-5223,8919,28051,16692,-22894
384,5017,-4396,7976,27944,16684,-22604
385,4086,-3649,6949,27847,16447,-22278
386,3050,-3001,5726,27813,15989,-21889
387,2004,-2377,4369,27904,15249,-21348
388,823,-1811,2745,28102,14277,-20745
389,-239,-1302,1284,28281,13401,-20202
390,-1880,-862,-895,28646,11172,-19752
391,-3358,-467,-2857,28974,9165,-19346
392,-5358,-434,-5394,28299,6263,-17884
393,-7344,-874,-8099,26936,3545,-15680
394,-8919,-1838,-10566,24958,1090,-12519
395,-9928,-2735,-12739,22174,-1287,-8347
396,-10397,-4011,-14720,17823,-3207,-4236
397,-10212,-5417,-15987,12764,-5176,-535
398,-9095,-6983,-16190,8211,-7105,2794
399,-7320,-8658,-15640,4113,-9057,5791
400,-4970,-11069,-14663,425,-11228,8489
401,-2141,-13239,-13013,-2894,-12910,10917
402,1031,-15192,-9297,-5881,-13018,13102
403,3047,-16949,-5091,-8570,-11398,15068
404,4581,-18531,-1305,-10989,-9760,16838
405,5814,-18655,2101,-12286,-8971,18352
406,6478,-17834,5168,-12046,-8691,18357
407,7045,-17252,7889,-11664,-8209,17313
408,7371,-16639,9965,-11041,-6869,15854
409,7161,-15880,11334,-10192,-4730,14364
410,6569,-15129,12161,-9252,-2695,12821
411,5922,-14451,12589,-8275,-1344,11238
412,5436,-13815,12722,-7276,-625,9667
413,5078,-13273,12674,-6321,-236,8125
414,4684,-12842,12551,-5436,110,6620
415,4265,-12506,12242,-4625,513,5188
416,3891,-12256,11734,-3921,861,3870
417,3578,-12065,11112,-3357,1042,2706
418,3231,-11851,10564,-2960,954,1728
419,2804,-11400,10118,-2744,618,904
420,2472,-10802,9769,-2823,7,179
421,2371,-10374,9642,-3277,-956,-445
422,2304,-10204,9683,-4026,-2154,-864
423,2323,-10058,9733,-4918,-3525,-866
424,2544,-9825,9822,-5828,-5175,-517
425,3060,-9715,9966,-6879,-7100,58
426,3706,-9829,10213,-8009,-9145,765
427,4466,-9941,10538,-8986,-11094,1602
428,5392,-9934,10913,-9757,-12752,2544
429,6340,-9958,11333,-10421,-14004,3538
430,7156,-10101,11736,-10977,-14799,4594
431,7841,-10312,12083,-11347,-15363,5699
432,8523,-10524,12401,-11500,-15976,6766
433,9194,-10776,12813,-11463,-16793,7708
434,9865,-10996,13178,-11220,-17782,8526
435,10565,-11175,13479,-10778,-18857,9245
436,11286,-11239,13769,-10141,-19769,9907
437,12014,-11210,14125,-9421,-20291,10453
438,12646,-11207,14459,-8731,-20244,10760
439,13044,-11237,14806,-7978,-19594,10725
440,13296,-11316,15240,-7071,-18546,10351
441,13389,-11489,15642,-5986,-17225,9698
442,13269,-11635,15950,-4638,-15747,8875
443,13108,-11744,16329,-3052,-14347,7999
444,13065,-11922,16757,-1293,-13009,7028
445,13120,-12169,17153,573,-11600,6002
446,13116,-12464,17519,2518,-10084,4972
447,13246,-12778,17918,4561,-8583,3932
448,13577,-13103,18364,6670,-7103,2799
449,13897,-13375,18768,8806,-5489,1554
450,14135,-13548,19090,10969,-3779,252
451,14382,-13646,19358,13149,-2105,-1113
452,14583,-13606,19556,15110,-418,-2556
453,14665,-13449,19773,16876,1275,-4025
454,14666,-13299,19889,18465,2859,-5461
455,14588,-13121,19712,19895,4258,-6887
456,14526,-12695,19490,21183,5448,-8302
457,14403,-12146,19237,22341,6668,-9664
458,14016,-11590,18717,23384,8060,-10873
459,13346,-10922,17964,24322,9419,-11892
460,12513,-10083,17104,25166,10514,-12809
461,11659,-9158,16262,25927,11307,-13662
462,10745,-8213,15317,26611,11854,-14442
463,9848,-7245,14375,27226,12193,-15107
464,8998,-6209,13460,27780,12438,-15654
465,8084,-5154,12492,28279,12825,-16124
466,7085,-4107,11495,28728,13343,-16515
467,5996,-3166,10551,29033,13752,-16787
468,4926,-2299,9564,29169,13865,-16803
469,4073,-1422,8549,29244,13611,-16670
470,3206,-561,7433,29302,13147,-16670
471,2412,122,6399,29137,12492,-16592
472,1712,647,5406,29036,11485,-16520
473,1002,1129,4355,29077,10177,-16644
474,252,1547,3423,29285,8443,-16979
475,-455,1772,2523,29209,6796,-17087
476,-1337,1756,1429,28899,5633,-16906
477,-2488,1562,-39,28502,4870,-16478
478,-3759,1381,-1819,28098,4225,-15777
479,-4915,1207,-3587,27464,3593,-14722
480,-5907,741,-5410,26465,3080,-13263
481,-7414,-213,-8146,25225,2629,-11394
482,-8821,-1554,-10608,23982,1393,-9045
483,-9605,-2518,-12824,22269,-793,-5892
484,-9923,-3422,-14818,19126,-3250,-2026
485,-9693,-4340,-16397,14264,-5734,1452
486,-9194,-5204,-17338,9561,-7865,4584
487,-8054,-6016,-17651,5328,-9774,7402
488,-6211,-7078,-16701,1519,-11330,9939
489,-4413,-8596,-15221,-1909,-12390,12221
490,-2612,-11014,-13803,-4995,-13152,14276
491,-927,-13189,-11581,-7772,-12986,16125
492,147,-15147,-7955,-10272,-11697,17789
493,1219,-16909,-3883,-12521,-10401,19287
494,2719,-18456,-218,-14546,-9936,20635
495,3246,-17724,3080,-14642,-9598,20613
496,3287,-16967,5978,-14012,-9090,19147
497,3513,-16694,8317,-13377,-8225,17052
498,3393,-15929,10009,-12210,-6423,15042
499,3017,-15062,11180,-10987,-4327,13263
500,2506,-14279,11817,-9880,-2576,11648
501,1996,-13446,12114,-8847,-1381,10199
502,1527,-12685,12239,-7989,-620,8848
503,1014,-12089,12296,-7317,-98,7550
504,534,-11609,12271,-6719,241,6312
505,244,-11273,12153,-6131,334,5140
506,140,-11006,11977,-5500,174,4039
507,129,-10785,11787,-4850,-176,3010
508,71,-10610,11758,-4214,-636,2039
509,58,-10371,11841,-3593,-1126,1112
510,202,-10104,11963,-3028,-1650,222
511,383,-9895,12045,-2578,-2142,-573
512,534,-9627,12117,-2196,-2569,-1183
513,667,-9158,12192,-1862,-3008,-1619
514,880,-8673,12252,-1719,-3565,-1908
515,1093,-8311,12279,-1792,-4268,-2006
516,1250,-8020,12241,-2016,-5102,-1874
517,1381,-7625,12161,-2291,-6094,-1575
518,1551,-7164,12019,-2689,-7252,-1143
519,1780,-6803,11895,-3288,-8558,-575
520,2063,-6536,11839,-4030,-9887,154
521,2418,-6323,11794,-4895,-11080,1072
522,2922,-6269,11857,-5933,-12152,2165
523,3494,-6492,12100,-7142,-13044,3413
524,4114,-6827,12342,-8354,-13687,4751
525,4920,-7210,12731,-9449,-14309,6022
526,5888,-7692,13288,-10448,-14876,7170
527,6858,-8243,13885,-11291,-15231,8173
528,7600,-8784,14365,-11948,-15253,9024
529,8087,-9247,14752,-12385,-15117,9679
530,8401,-9598,15171,-12582,-15040,10122
531,8608,-9864,15495,-12590,-15040,10343
532,8723,-10108,15655,-12453,-15098,10357
533,8686,-10329,15605,-12110,-15255,10253
534,8862,-10558,15579,-11496,-15700,10026
535,9262,-10756,15483,-10729,-15965,9750
536,9632,-10988,15398,-9927,-15762,9390
537,9880,-11273,15276,-9115,-15105,8984
538,10005,-11547,15035,-8276,-14131,8607
539,10118,-11856,14800,-7384,-13056,8195
540,10212,-12199,14632,-6381,-11976,7679
541,10235,-12590,14491,-5198,-11002,7027
542,10320,-12994,14447,-3749,-10318,6249
543,10583,-13367,14518,-2013,-9916,5308
544,11121,-13665,14763,-79,-9542,4176
545,11738,-13948,15188,1948,-8810,2843
546,12285,-14211,15716,4027,-7671,1386
547,12836,-14467,16330,6152,-6393,-181
548,13433,-14659,17019,8309,-5028,-1859
549,13998,-14813,17655,10448,-3477,-3623
550,14464,-14911,18156,12585,-1799,-5423
551,14782,-14946,18481,14604,-108,-7205
552,15002,-14875,18650,16420,1537,-8964
553,15084,-14719,18603,18055,3117,-10701
554,14980,-14427,18240,19526,4565,-12352
555,14771,-13980,17718,20850,5834,-13876
556,14439,-13423,17147,22042,7024,-15279
557,13920,-12749,16358,23114,8274,-16544
558,13176,-11923,15367,24080,9515,-17640
559,12403,-10923,14591,24948,10504,-18557
560,11690,-9859,14010,25730,11157,-19337
561,10985,-8749,13510,26434,11613,-20048
562,10184,-7582,12853,27067,12027,-20686
563,9388,-6444,12316,27637,12420,-21285
564,8521,-5411,11746,28150,12904,-21809
565,7479,-4478,10945,28612,13434,-22255
566,6342,-3589,9980,29027,13827,-22621
567,5217,-2755,8938,29401,13970,-22918
568,4025,-2011,7731,29738,13891,-23150
569,2778,-1398,6434,30041,13540,-23218
570,1499,-932,4903,30313,12935,-23003
571,295,-502,3243,30559,12008,-22570
572,-1002,-79,1471,30780,10521,-22094
573,-2183,135,-65,30941,8689,-21362
574,-3179,209,-1521,30615,6710,-20226
575,-4028,50,-2999,29910,4817,-18719
576,-5071,-406,-4818,29024,3155,-16915
577,-6315,-1219,-6925,27977,1689,-14746
578,-7267,-2029,-8932,26574,236,-12122
579,-8152,-2837,-10650,23969,-949,-8779
580,-8892,-4011,-12240,19758,-2089,-4644
581,-9229,-5386,-13535,14506,-3469,-903
582,-9071,-6708,-14250,9778,-5015,2463
583,-8369,-7964,-14343,5524,-6335,5493
584,-7029,-9498,-13676,1694,-7788,8221
585,-5389,-11514,-13199,-1751,-9254,10675
586,-3264,-13639,-12585,-4852,-10666,12884
587,-901,-15552,-10207,-7644,-11488,14873
588,563,-17274,-7451,-10156,-11028,16662
589,3269,-18823,-3429,-12417,-10986,18273
590,5654,-19731,189,-14452,-10830,19722
591,5921,-19157,3447,-14487,-9480,19575
592,5913,-18717,6379,-14326,-8051,18380
593,6010,-18658,8934,-14054,-6809,16518
594,6021,-18031,10979,-13244,-5161,14774
595,5637,-17289,12605,-12359,-3295,13247
596,4794,-16647,13680,-11536,-1589,11948
597,3944,-16000,14387,-10661,-555,10853
598,3283,-15454,14902,-9780,-207,9861
599,2805,-14998,15353,-8839,-230,8916
600,2415,-14608,15629,-7764,-277,7910
601,2213,-14273,15724,-6532,-328,6855
602,2130,-14079,15555,-5185,-270,5737
603,2107,-13988,15110,-3734,-167,4638
604,2146,-13842,14428,-2211,-161,3593
605,2200,-13569,13701,-718,-294,2592
606,2221,-13148,13104,650,-469,1623
607,2185,-12605,12560,1784,-596,721
608,2097,-12037,11970,2589,-748,-63
609,2018,-11481,11360,3077,-1142,-673
610,2074,-10861,10864,3278,-1953,-1051
611,2237,-10014,10457,3222,-2996,-1221
612,2454,-9008,10063,2814,-4006,-1231
613,2702,-8174,9922,1961,-5033,-1137
614,2936,-7635,10078,785,-6118,-854
615,3256,-7188,10284,-480,-7262,-321
616,3693,-6842,10407,-1748,-8464,466
617,4247,-6653,10471,-2945,-9660,1449
618,4978,-6535,10605,-3961,-10845,2534
619,5890,-6502,10835,-4902,-11899,3634
620,6785,-6605,11306,-5866,-12632,4725
621,7573,-6681,11893,-6870,-12885,5801
622,8167,-6828,12463,-7908,-12787,6819
623,8553,-7089,12992,-8837,-12666,7701
624,8739,-7350,13491,-9505,-12744,8453
625,8777,-7561,13869,-9932,-13148,9052
626,8887,-7765,14178,-10175,-13933,9482
627,9170,-7993,14437,-10271,-14919,9797
628,9469,-8264,14641,-10248,-15781,9963
629,9642,-8666,14970,-10069,-16442,9988
630,9632,-9092,15149,-9573,-17255,9885
631,9823,-9407,15089,-8718,-18791,9664
632,10358,-9602,14778,-7715,-20188,9367
633,11070,-9746,14277,-6725,-21446,9088
634,11742,-9891,13612,-5852,-22214,8914
635,12282,-10126,12877,-5202,-21845,8866
636,12596,-10450,12137,-4772,-20442,8889
637,12658,-10811,11261,-4519,-18241,8911
638,12594,-11155,10305,-4303,-15645,8804
639,12455,-11420,9465,-4059,-12976,8543
640,12246,-11595,8848,-3791,-10391,8172
641,12000,-11769,8290,-3562,-7985,7706
642,11774,-12021,7807,-3342,-5905,7160
643,11511,-12295,7517,-3018,-4186,6558
644,11210,-12551,7291,-2544,-2914,5879
645,11004,-12847,7145,-1883,-2333,5059
646,11013,-13131,7240,-1000,-2413,4073
647,11310,-13382,7536,39,-2882,2935
648,11911,-13704,7882,1175,-3471,1598
649,12730,-14020,8363,2490,-3942,3
650,13700,-14275,9044,3935,-4139,-1835
651,14792,-14510,9816,5369,-3936,-3855
652,15892,-14787,10582,6740,-3189,-6000
653,16858,-15121,11357,8091,-2008,-8231
654,17681,-15418,12066,9483,-623,-10544
655,18409,-15554,12707,10906,801,-12767
656,18959,-15618,13167,12298,2350,-14767
657,19260,-15553,13384,13681,4090,-16567
658,19248,-15363,13348,15075,5914,-18187
659,19155,-14933,13223,16468,7762,-19645
660,19033,-14376,13048,17761,9649,-20957
661,18515,-13824,12619,18945,11716,-22138
662,17747,-12984,12134,20254,13667,-23201
663,16970,-11929,11708,21505,15179,-24157
664,16171,-10886,11339,22632,16482,-25018
665,15205,-9915,10832,23645,17657,-25793
666,13983,-8991,10130,24557,18510,-26491
667,12790,-7947,9474,25378,18929,-27118
668,11719,-6964,8869,26117,19149,-27683
669,10570,-6179,8075,26782,19455,-28191
670,9234,-5529,6934,27381,19874,-28649
671,7662,-4970,5642,27919,20171,-29061
672,5778,-4537,4185,28404,20101,-29176
673,3947,-4064,2568,28840,19468,-28601
674,2342,-3559,829,29233,18143,-27563
675,944,-3028,-753,29586,16001,-26468
676,-512,-2846,-2275,29465,13493,-25182
677,-1997,-2740,-3916,28847,10803,-23440
678,-3297,-3022,-5572,27818,8048,-21234
679,-4595,-3551,-7508,26719,5772,-18622
680,-5823,-4323,-9535,25248,3854,-15171
681,-6814,-5272,-11411,22780,1968,-10798
682,-7495,-6312,-12972,18956,-98,-6441
683,-7597,-7275,-14030,13784,-2047,-2520
684,-7159,-8012,-14286,9129,-3582,1008
685,-6213,-8865,-13859,4939,-4911,4184
686,-4771,-10128,-12924,1168,-6167,7042
687,-2887,-12392,-11946,-2224,-7568,9614
688,-814,-14429,-10539,-5279,-8477,11930
689,779,-16263,-7951,-8027,-8117,14013
690,1716,-17914,-4797,-10501,-6799,15889
691,2981,-19399,-1041,-12728,-5964,17577
692,4292,-19907,2339,-14732,-5964,19044
693,4660,-18983,5382,-14937,-5988,19191
694,4887,-18564,8121,-14870,-6011,18185
695,5313,-18366,10498,-14469,-5665,16639
696,5383,-17717,12403,-13568,-4413,15105
697,4964,-16948,13806,-12545,-2755,13618
698,4309,-16333,14771,-11494,-1487,12152
699,3736,-15765,15429,-10314,-868,10785
700,3296,-15206,15908,-9031,-700,9514
701,2950,-14584,16339,-7689,-721,8302
702,2752,-14007,16821,-6376,-738,7112
703,2607,-13581,17247,-5080,-620,5926
704,2435,-13278,17610,-3696,-480,4736
705,2343,-13009,18056,-2149,-457,3585
706,2370,-12728,18559,-424,-449,2519
707,2469,-12459,19005,1461,-421,1484
708,2637,-12118,19406,3475,-377,523
709,2876,-11664,19738,5531,-242,-316
710,3089,-11096,19927,7529,125,-1073
711,3205,-10477,19976,9385,769,-1769
712,3185,-9798,19829,11101,1597,-2390
713,3018,-8910,19524,12745,2507,-2951
714,2800,-7862,19098,14265,3404,-3446
715,2537,-6790,18538,15593,4243,-3825
716,2203,-5710,17830,16741,4994,-4093
717,1849,-4598,17065,17732,5608,-4310
718,1519,-3441,16230,18566,6138,-4519
719,1208,-2257,15405,19225,6718,-4749
720,875,-1140,14552,19640,7446,-4948
721,466,-121,13621,19844,8260,-5096
722,-28,893,12596,19957,9038,-5289
723,-579,1908,11565,19982,9720,-5552
724,-1100,2817,10642,19809,10321,-5768
725,-1673,3586,9686,19491,10844,-5943
726,-2276,4327,8741,19102,11212,-6061
727,-2822,5066,7847,18674,11435,-6135
728,-3355,5734,6968,18135,11615,-6197
729,-3884,6297,6155,17453,11771,-6229
730,-4439,6817,5343,16761,11862,-6258
731,-5015,7341,4529,16126,11819,-6303
732,-5563,7807,3750,15485,11636,-6347
733,-6091,8188,3011,14807,11378,-6378
734,-6608,8510,2300,14148,11080,-6406
735,-7120,8794,1615,13521,10745,-6420
736,-7611,9011,970,12899,10371,-6415
737,-8075,9177,375,12294,9957,-6381
738,-8470,9298,-115,11695,9498,-6306
739,-8814,9351,-531,11085,9049,-6199
740,-9120,9359,-873,10506,8602,-6078
741,-9344,9323,-1124,9981,8126,-5961
742,-9525,9245,-1378,9559,7619,-5879
743,-9725,9142,-1665,9286,7024,-5838
744,-10000,9036,-2102,9198,6336,-5853
745,-10287,8909,-2729,9258,5626,-5948
746,-10712,8781,-3521,9413,4907,-6140
747,-11016,8663,-4008,9353,4078,-6149
748,-11208,8494,-4212,9080,3253,-5995
749,-11418,8327,-4372,8709,2508,-5755
750,-11625,8178,-4517,8299,1774,-5487
751,-11820,8017,-4570,7855,1052,-5216
752,-12033,7862,-4522,7409,374,-4942
753,-12249,7721,-4345,6981,-270,-4658
754,-12489,7599,-4114,6582,-843,-4366
755,-12728,7484,-3858,6211,-1320,-4046
756,-12938,7394,-3620,5876,-1673,-3699
757,-13079,7356,-3355,5562,-1888,-3339
758,-13187,7296,-3085,5214,-1928,-2982
759,-13342,7218,-2887,4882,-1838,-2640
760,-13481,7176,-2745,4658,-1816,-2318
761,-13523,7162,-2611,4515,-1906,-2015
762,-13509,7138,-2515,4375,-1991,-1741
763,-13559,7083,-2504,4247,-2057,-1526
764,-13677,7001,-2542,4190,-2269,-1369
765,-13710,6898,-2587,4242,-2689,-1231
766,-13674,6869,-2710,4359,-3085,-1062
767,-13746,6811,-2979,4367,-3218,-887
768,-13924,6674,-3289,4255,-3160,-685
769,-14134,6573,-3610,4153,-3085,-401
770,-14289,6478,-3937,4024,-3057,-13
771,-14416,6352,-4299,3827,-3039,483
772,-14489,6231,-4644,3574,-3065,1090
773,-14495,6106,-5013,3274,-3173,1815
774,-14493,5910,-5553,2897,-3339,2672
775,-14543,5620,-6426,2469,-3595,3666
776,-14571,5200,-7600,2023,-4064,4773
777,-14502,4538,-8911,1585,-4914,5999
778,-14410,3698,-10435,1007,-6076,7573
779,-14277,2750,-12059,16,-7569,9702
780,-13967,1949,-13313,-1905,-9283,12008
781,-13339,1188,-14100,-4991,-10880,14084
782,-11982,-1,-13877,-7768,-12387,15952
783,-10012,-1795,-12875,-10268,-13735,17634
784,-7800,-4033,-11955,-12518,-14962,19147
785,-5371,-6907,-10932,-14543,-15626,20509
786,-2932,-9493,-8137,-16365,-15193,21735
787,-829,-11820,-4108,-18006,-14149,22838
788,1275,-13915,-420,-19482,-13358,23831
789,3057,-14790,2897,-20191,-12960,24117
790,4312,-14419,5884,-19529,-12471,23121
791,5145,-14419,8573,-18749,-11301,21094
792,5252,-14383,10874,-17684,-9292,18814
793,4894,-13963,12626,-16265,-7112,16724
794,4187,-13482,13839,-14821,-5310,14894
795,3471,-13042,14730,-13393,-4243,13295
796,3043,-12570,15457,-11949,-3794,11919
797,2791,-12132,16041,-10547,-3544,10681
798,2620,-11758,16484,-9166,-3276,9527
799,2499,-11420,16758,-7758,-2936,8427
800,2361,-11095,16894,-6322,-2534,7346
801,2193,-10772,16884,-4884,-2118,6273
802,2034,-10408,16780,-3476,-1751,5226
803,1925,-10036,16699,-2145,-1464,4202
804,1850,-9689,16683,-906,-1192,3226
805,1770,-9346,16740,269,-849,2332
806,1659,-9010,16923,1403,-429,1527
807,1482,-8723,17152,2520,19,805
808,1339,-8421,17398,3682,386,175
809,1341,-8071,17733,4903,643,-394
810,1401,-7787,18087,6146,889,-952
811,1464,-7478,18377,7467,1205,-1500
812,1549,-6987,18598,8886,1626,-2052
813,1589,-6427,18727,10246,2215,-2569
814,1531,-5829,18703,11529,2956,-3007
815,1406,-5135,18530,12765,3719,-3380
816,1241,-4345,18260,13920,4438,-3737
817,1071,-3469,17929,14947,5167,-4095
818,856,-2577,17472,15798,5971,-4431
819,540,-1685,16872,16526,6827,-4789
820,101,-804,16142,17123,7661,-5137
821,-438,51,15341,17593,8383,-5431
822,-964,885,14495,17956,8922,-5620
823,-1444,1745,13526,18138,9212,-5672
824,-1876,2518,12654,18302,9473,-5718
825,-2309,3308,11636,18239,9766,-5765
826,-2699,4019,10720,18183,10029,-5806
827,-3105,4637,9762,17851,10374,-5838
828,-3470,5193,8901,17552,10684,-5867
829,-3927,5723,7981,17174,10736,-5915
830,-4339,6200,7153,16833,10782,-5959
831,-4662,6677,6394,16388,10524,-6047
832,-4953,7107,5710,15986,10291,-6126
833,-5310,7407,5024,15451,10096,-6266
834,-5630,7676,4407,14969,9921,-6392
835,-6060,7898,3695,14560,9655,-6552
836,-6447,8098,3054,14192,9415,-6696
837,-6843,8208,2403,13814,9111,-6897
838,-7308,8267,1729,13437,8853,-7120
839,-7800,8241,1057,13076,8554,-7371
840,-8417,8167,348,12781,8163,-7656
841,-9045,8053,-329,12396,7644,-7783
842,-9620,7921,-911,11937,6980,-7758
843,-10139,7802,-1434,11525,6382,-7735
844,-10613,7662,-1784,10844,5727,-7509
845,-11041,7536,-2098,10232,5137,-7305
846,-11449,7457,-2399,9443,4625,-6978
847,-11817,7385,-2671,8733,4164,-6683
848,-12140,7310,-2878,7919,3708,-6304
849,-12431,7243,-3063,7186,3297,-5962
850,-12668,7199,-3267,6424,2854,-5569
851,-12882,7160,-3451,5739,2455,-5216
852,-13003,7114,-3462,4980,1989,-4883
853,-13111,7073,-3471,4298,1570,-4583
854,-13246,6984,-3519,3631,1175,-4326
855,-13358,6886,-3519,3043,765,-4097
856,-13451,6763,-3486,2526,388,-3894
857,-13567,6647,-3485,2131,68,-3697
858,-13654,6577,-3470,1863,-191,-3472
859,-13753,6481,-3484,1673,-334,-3236
860,-13864,6382,-3528,1596,-449,-2985
861,-13930,6337,-3596,1695,-635,-2718
862,-13902,6325,-3633,1894,-847,-2425
863,-13878,6292,-3694,2128,-972,-2125
864,-13888,6241,-3786,2417,-1053,-1824
865,-13906,6198,-3923,2782,-1150,-1498
866,-13988,6113,-4163,3157,-1239,-1144
867,-14220,5938,-4618,3520,-1347,-760
868,-14526,5735,-5231,3866,-1533,-302
869,-14870,5528,-5952,4129,-1810,260
870,-15367,5204,-6981,4204,-2136,963
871,-15936,4717,-8395,4119,-2669,1876
872,-16391,4194,-9869,3846,-3648,3136
873,-16561,3628,-11186,3055,-4974,4898
874,-16407,2976,-12311,1409,-6418,7165
875,-15911,2171,-13247,-1151,-7848,9725
876,-15116,1288,-13853,-4313,-9236,12029
877,-14114,274,-13957,-7158,-10503,14103
878,-12894,-1007,-13652,-9719,-11466,15969
879,-11337,-2528,-13048,-12024,-12310,17649
880,-9460,-4880,-12269,-14098,-13505,19161
881,-6775,-7669,-11017,-15965,-15200,20522
882,-3598,-10179,-8371,-17645,-16482,21746
883,-1061,-12438,-5002,-19157,-16413,22848
884,1007,-14471,-1710,-20518,-15603,23840
885,2613,-15435,1737,-21694,-14728,24164
886,3369,-15339,4840,-21418,-13567,23324
887,3705,-15276,7633,-20668,-12301,21491
888,3903,-15165,10071,-19638,-10814,19334
889,3756,-14785,12072,-18376,-8898,17331
890,3226,-14320,13679,-17087,-6899,15591
891,2547,-13890,14943,-15794,-5410,14058
892,2038,-13464,15976,-14427,-4646,12692
893,1755,-13113,16789,-12985,-4306,11433
894,1634,-12788,17397,-11424,-4068,10253
895,1616,-12446,17827,-9744,-3759,9122
896,1582,-12138,18134,-8014,-3294,7989
897,1524,-11873,18346,-6260,-2760,6832
898,1488,-11609,18507,-4483,-2304,5640
899,1479,-11343,18601,-2695,-1949,4408
900,1547,-11062,18672,-917,-1615,3186
901,1662,-10775,18790,845,-1209,2007
902,1731,-10539,18945,2590,-708,887
903,1764,-10304,19109,4364,-120,-138
904,1780,-10037,19222,6171,539,-1051
905,1709,-9705,19207,7982,1220,-1851
906,1573,-9186,19041,9804,1828,-2542
907,1451,-8488,18771,11563,2332,-3138
908,1394,-7731,18454,13143,2807,-3656
909,1298,-6890,18014,14531,3379,-4141
910,1132,-5895,17482,15713,4060,-4588
911,937,-4853,16982,16668,4872,-4999
912,645,-3855,16399,17397,5832,-5341
913,165,-2823,15687,17974,6827,-5594
914,-430,-1752,14899,18461,7614,-5761
915,-1024,-690,14082,18853,8067,-5852
916,-1502,354,13310,19146,8253,-5923
917,-1913,1363,12533,19295,8375,-6004
918,-2343,2310,11733,19288,8580,-6106
919,-2797,3191,10893,19153,8855,-6192
920,-3274,3977,10060,18904,9112,-6254
921,-3728,4681,9233,18583,9257,-6321
922,-4120,5387,8461,18254,9275,-6414
923,-4451,6033,7790,17849,9285,-6518
924,-4774,6572,7124,17330,9393,-6599
925,-5149,7021,6454,16754,9536,-6674
926,-5577,7361,5780,16177,9571,-6758
927,-6006,7636,5106,15689,9387,-6846
928,-6346,7900,4456,15312,9004,-6931
929,-6622,8163,3854,14969,8599,-7014
930,-6890,8362,3298,14580,8332,-7130
931,-7197,8458,2747,14181,8202,-7313
932,-7619,8539,2136,13847,8091,-7545
933,-7996,8596,1588,13463,7874,-7679
934,-8290,8608,1121,13015,7597,-7738
935,-8590,8562,681,12521,7344,-7789
936,-8930,8467,251,12035,7076,-7846
937,-9277,8338,-151,11589,6740,-7892
938,-9609,8174,-535,11168,6366,-7924
939,-9934,7982,-908,10754,6026,-7941
940,-10295,7755,-1307,10322,5786,-7923
941,-10733,7479,-1769,9869,5617,-7848
942,-11189,7180,-2252,9418,5404,-7685
943,-11592,6904,-2702,8978,5089,-7433
944,-11914,6660,-3070,8520,4694,-7110
945,-12175,6452,-3379,8020,4297,-6728
946,-12386,6280,-3693,7486,3943,-6313
947,-12596,6136,-4027,6933,3625,-5890
948,-12808,5989,-4346,6396,3258,-5481
949,-12968,5864,-4611,5923,2773,-5085
950,-13099,5792,-4839,5509,2225,-4698
951,-13230,5736,-5029,5086,1714,-4334
952,-13386,5664,-5182,4656,1258,-4008
953,-13549,5603,-5274,4283,814,-3699
954,-13671,5539,-5279,3975,394,-3390
955,-13804,5444,-5299,3733,43,-3092
956,-13916,5347,-5350,3607,-309,-2790
957,-13984,5286,-5459,3595,-703,-2464
958,-14034,5223,-5576,3642,-1142,-2120
959,-14064,5129,-5707,3721,-1633,-1759
960,-14059,5037,-5834,3827,-2152,-1371
961,-14049,4927,-5906,3906,-2624,-948
962,-14059,4794,-5941,3930,-2972,-489
963,-14111,4643,-5996,3911,-3214,12
964,-14322,4471,-6248,3861,-3373,571
965,-14709,4281,-6699,3787,-3523,1243
966,-15201,4078,-7330,3661,-3727,2101
967,-15733,3791,-8060,3379,-3991,3183
968,-16246,3428,-8975,2876,-4337,4526
969,-16643,2926,-10072,2047,-4814,6189
970,-16791,2248,-11182,718,-5418,8295
971,-16612,1454,-12226,-1318,-6149,10742
972,-16062,539,-13070,-4100,-7120,12945
973,-15085,-445,-13487,-6967,-8330,14927
974,-13596,-1544,-13274,-9547,-9345,16711
975,-11886,-2758,-12542,-11869,-9787,18317
976,-10227,-4416,-11543,-13959,-10134,19762
977,-8202,-6690,-10162,-15839,-11168,21062
978,-5573,-9297,-8597,-17532,-12695,22233
979,-2832,-11644,-6643,-19056,-13913,23286
980,-398,-13757,-3870,-20427,-14371,24234
981,1724,-15658,-527,-21661,-14061,24762
982,3251,-16919,2801,-22771,-13103,24648
983,3916,-17056,5798,-23073,-11666,23784
984,4154,-16953,8495,-22485,-10177,22227
985,4180,-16926,10922,-21493,-8703,20307
986,3886,-16639,12923,-20125,-7082,18435
987,3261,-16253,14409,-18609,-5639,16731
988,2682,-15771,15596,-17053,-4741,15252
989,2296,-15287,16527,-15512,-4293,13916
990,2047,-14842,17214,-13947,-4000,12691
991,1920,-14369,17660,-12293,-3698,11582
992,1831,-13939,17931,-10586,-3320,10514
993,1797,-13525,18039,-8814,-2956,9467
994,1825,-13123,18035,-7020,-2635,8414
995,1902,-12727,17996,-5242,-2301,7333
996,1990,-12370,17964,-3486,-1922,6222
997,2099,-12027,17941,-1736,-1518,5097
998,2247,-11675,17990,-6,-1106,3980
999,2318,-11394,18054,1681,-599,2875
1000,2228,-11137,18044,3391,-60,1805
1001,2101,-10712,18053,5162,331,797
1002,2116,-10137,18169,6902,581,-122
1003,2161,-9561,18271,8491,926,-933
1004,2092,-8949,18274,9943,1447,-1632
1005,1961,-8273,18187,11309,1973,-2258
1006,1888,-7586,18118,12590,2384,-2854
1007,1896,-6880,18042,13778,2730,-3418
1008,1850,-6092,17838,14901,3054,-3984
1009,1717,-5161,17517,15954,3356,-4542
1010,1561,-4122,17120,16911,3677,-5080
1011,1386,-3059,16669,17675,4136,-5571
1012,1123,-2034,16144,18228,4780,-6028
1013,741,-1021,15481,18661,5505,-6466
1014,239,-22,14730,19007,6174,-6901
1015,-236,913,13974,19265,6731,-7281
1016,-616,1815,13243,19437,7278,-7586
1017,-1030,2631,12475,19455,7945,-7828
1018,-1538,3356,11620,19360,8669,-8014
1019,-2080,4019,10714,19227,9329,-8130
1020,-2587,4617,9804,19053,9887,-8175
1021,-3068,5114,8906,18816,10356,-8187
1022,-3548,5529,8001,18524,10732,-8186
1023,-4026,5902,7108,18208,10963,-8162
1024,-4522,6244,6222,17862,11026,-8101
1025,-4996,6569,5340,17489,10942,-8009
1026,-5437,6894,4453,17108,10751,-7915
1027,-5919,7194,3591,16695,10464,-7882
1028,-6430,7456,2806,16182,10097,-7843
1029,-6940,7724,2057,15636,9643,-7795
1030,-7385,7971,1401,15051,9098,-7766
1031,-7831,8168,836,14461,8519,-7854
1032,-8324,8333,340,13779,7981,-7929
1033,-8786,8393,-61,12980,7451,-7902
1034,-9231,8422,-418,12201,6910,-7810
1035,-9629,8427,-709,11464,6366,-7682
1036,-9973,8386,-918,10741,5880,-7523
1037,-10301,8295,-1087,10040,5498,-7338
1038,-10618,8184,-1243,9403,5175,-7132
1039,-10882,8090,-1386,8859,4863,-6904
1040,-11074,8017,-1529,8369,4609,-6664
1041,-11258,7939,-1712,7906,4446,-6449
1042,-11476,7839,-1925,7510,4272,-6273
1043,-11679,7750,-2182,7221,4013,-6118
1044,-11831,7685,-2470,6987,3720,-5981
1045,-11999,7578,-2799,6709,3510,-5880
1046,-12241,7383,-3160,6389,3333,-5802
1047,-12508,7170,-3532,6115,3066,-5711
1048,-12709,6994,-3855,5876,2724,-5581
1049,-12912,6762,-4169,5554,2472,-5420
1050,-13178,6449,-4508,5175,2308,-5227
1051,-13412,6176,-4776,4883,2037,-4968
1052,-13605,5954,-5006,4677,1649,-4637
1053,-13683,5768,-5172,4509,1203,-4225
1054,-13673,5613,-5301,4348,823,-3752
1055,-13689,5476,-5441,4167,610,-3249
1056,-13754,5351,-5580,3996,486,-2719
1057,-13849,5239,-5733,3869,337,-2162
1058,-13959,5136,-5927,3776,124,-1583
1059,-14125,5005,-6262,3678,-103,-982
1060,-14331,4826,-6698,3527,-359,-317
1061,-14569,4611,-7208,3309,-687,458
1062,-14871,4367,-7927,3017,-1089,1359
1063,-15159,4102,-8851,2605,-1639,2419
1064,-15457,3745,-9940,1978,-2371,3682
1065,-15803,3262,-11201,1077,-3279,5188
1066,-16023,2733,-12562,-155,-4434,7006
1067,-16024,2043,-13884,-1938,-5750,9203
1068,-15817,1113,-15176,-4385,-7120,11559
1069,-15246,145,-16109,-7224,-8547,13680
1070,-14322,-882,-16540,-9778,-9859,15589
1071,-12864,-2522,-16364,-12077,-11112,17306
1072,-10702,-4889,-14991,-14146,-12775,18852
1073,-7753,-7677,-13192,-16008,-14774,20244
1074,-4185,-10186,-10879,-17684,-16536,21496
1075,-1454,-12444,-7867,-19192,-16220,22623
1076,350,-14477,-4364,-20550,-14731,23638
1077,2160,-16137,-651,-21771,-13712,24551
1078,3611,-16053,2690,-22170,-13164,24771
1079,4523,-15327,5698,-21710,-12543,23758
1080,5213,-14925,8381,-21100,-11582,21944
1081,5439,-14557,10634,-20222,-9954,19938
1082,5227,-14039,12529,-19126,-7914,18128
1083,4741,-13554,14064,-17968,-6061,16545
1084,4178,-13074,15274,-16715,-4818,15099
1085,3758,-12600,16305,-15363,-4186,13738
1086,3520,-12199,17177,-13969,-3787,12461
1087,3290,-11846,17857,-12487,-3366,11252
1088,3099,-11490,18369,-10868,-2947,10098
1089,2958,-11161,18694,-9154,-2528,8949
1090,2850,-10842,18924,-7409,-2109,7792
1091,2804,-10552,19101,-5650,-1724,6618
1092,2781,-10284,19217,-3858,-1402,5422
1093,2793,-10028,19318,-2020,-1151,4207
1094,2855,-9773,19390,-165,-915,2997
1095,2939,-9484,19389,1667,-616,1809
1096,3031,-9124,19345,3447,-247,642
1097,3085,-8800,19284,5161,166,-530
1098,3003,-8490,19123,6845,571,-1695
1099,2891,-8093,18827,8477,908,-2754
1100,2846,-7543,18460,10036,1225,-3669
1101,2822,-6973,18058,11426,1673,-4442
1102,2736,-6428,17556,12651,2302,-5076
1103,2588,-5829,16962,13727,3008,-5596
1104,2380,-5148,16275,14649,3724,-6044
1105,2131,-4428,15477,15388,4451,-6412
1106,1897,-3716,14662,15926,5169,-6659
1107,1681,-3127,13847,16232,5832,-6787
1108,1371,-2611,13032,16360,6342,-6846
1109,983,-1974,12219,16434,6586,-6876
1110,690,-1239,11536,16449,6596,-6859
1111,420,-476,10967,16315,6545,-6800
1112,77,431,10570,16119,6470,-6762
1113,-398,1504,10261,15892,6384,-6741
1114,-1045,2700,10033,15586,6375,-6714
1115,-1832,3995,9838,15228,6457,-6706
1116,-2690,5269,9643,14839,6546,-6736
1117,-3617,6452,9407,14479,6581,-6842
1118,-4524,7587,9157,14207,6585,-7004
1119,-5396,8555,8812,13974,6705,-7179
1120,-6290,9315,8341,13761,6974,-7369
1121,-7100,9874,7761,13584,7309,-7539
1122,-7795,10277,7042,13421,7705,-7650
1123,-8392,10563,6256,13215,8132,-7701
1124,-8890,10724,5439,12949,8531,-7690
1125,-9265,10810,4650,12622,8829,-7602
1126,-9450,10853,3934,12223,9043,-7465
1127,-9510,10853,3343,11728,9253,-7322
1128,-9578,10784,2753,11176,9435,-7210
1129,-9602,10717,2215,10663,9459,-7098
1130,-9594,10646,1734,10180,9362,-6998
1131,-9688,10528,1233,9694,9206,-6948
1132,-9800,10422,768,9267,8951,-6923
1133,-9996,10323,310,8894,8629,-6928
1134,-10247,10153,-103,8518,8228,-6950
1135,-10482,9962,-509,8179,7757,-6967
1136,-10676,9811,-886,7886,7271,-6999
1137,-10851,9594,-1250,7604,6790,-7113
1138,-11042,9304,-1550,7472,6162,-7396
1139,-11288,9067,-1921,7410,5523,-7617
1140,-11400,8823,-2250,7221,4966,-7650
1141,-11553,8550,-2633,6915,4631,-7600
1142,-11705,8253,-2925,6555,4384,-7486
1143,-11831,7929,-3226,6176,4207,-7298
1144,-11972,7635,-3564,5830,4071,-7065
1145,-12210,7290,-3891,5502,3941,-6819
1146,-12508,6932,-4149,5262,3712,-6531
1147,-12829,6565,-4398,5133,3351,-6181
1148,-13078,6185,-4634,5049,2914,-5740
1149,-13231,5819,-4850,4947,2530,-5194
1150,-13336,5483,-5013,4826,2225,-4576
1151,-13424,5207,-5177,4781,1873,-3922
1152,-13539,4959,-5463,4829,1393,-3245
1153,-13660,4772,-5814,4928,763,-2529
1154,-13825,4637,-6214,5023,95,-1780
1155,-14048,4518,-6691,5003,-450,-969
1156,-14384,4364,-7249,4798,-804,-43
1157,-14806,4176,-7927,4413,-1054,1043
1158,-15094,4007,-8656,3905,-1449,2328
1159,-15139,3846,-9421,3226,-2043,3805
1160,-15045,3634,-10370,2322,-2793,5439
1161,-15056,3335,-11798,1204,-3697,7202
1162,-15025,2897,-13392,-242,-4948,9181
1163,-14766,2179,-14790,-2185,-6674,11447
1164,-14367,1329,-16018,-4636,-8690,13579
1165,-13674,472,-16800,-7449,-10573,15498
1166,-12709,-494,-17009,-9980,-11883,17225
1167,-11206,-2113,-16385,-12259,-13229,18779
1168,-8655,-4658,-15286,-14310,-15183,20178
1169,-5033,-7469,-13462,-16156,-16942,21437
1170,-1331,-9999,-9826,-17817,-16807,22570
1171,896,-12276,-5567,-19312,-14134,23589
1172,2014,-14325,-1733,-20657,-11072,24507
1173,2514,-14926,1716,-21057,-9645,24481
1174,2946,-14529,4821,-19770,-9676,23082
1175,3687,-14177,7459,-18368,-9704,20942
1176,3925,-13639,9439,-17086,-8356,18794
1177,3410,-13011,10816,-16000,-5977,16977
1178,2507,-12500,11736,-15009,-3848,15474
1179,1786,-11982,12396,-13943,-2764,14204
1180,1387,-11466,12884,-12847,-2470,13091
1181,1194,-10969,13178,-11777,-2424,12053
1182,1015,-10474,13188,-10746,-2309,11024
1183,781,-9999,12929,-9790,-2108,10014
1184,567,-9579,12524,-8935,-1893,9049
1185,404,-9245,12069,-8179,-1721,8115
1186,314,-9044,11601,-7482,-1686,7213
1187,388,-8852,11232,-6772,-1857,6303
1188,684,-8666,10982,-6118,-2107,5357
1189,1025,-8678,10942,-5596,-2220,4347
1190,1121,-8861,10883,-5124,-2026,3315
1191,1128,-8969,10825,-4557,-1882,2318
1192,1243,-8998,10815,-3962,-2095,1377
1193,1402,-9045,10798,-3426,-2619,555
1194,1550,-9128,10783,-2884,-3402,-105
1195,1874,-9086,10825,-2237,-4417,-622
1196,2417,-8901,10988,-1629,-5464,-1041
1197,2845,-8688,11138,-1344,-6218,-1330
1198,3073,-8231,11250,-1406,-6687,-1353
1199,3305,-7706,11391,-1822,-7057,-1115
1200,3509,-7345,11724,-2576,-7383,-696
1201,3666,-6998,12060,-3571,-7700,-92
1202,3904,-6711,12443,-4692,-8201,626
1203,4194,-6518,12813,-5863,-8757,1435
1204,4580,-6505,13278,-7022,-9392,2254
1205,4992,-6612,13778,-8155,-10003,3077
1206,5363,-6788,14209,-9227,-10467,3891
1207,5683,-7040,14531,-10150,-10849,4702
1208,5959,-7394,14801,-10859,-11259,5496
1209,6303,-7811,15028,-11304,-11796,6232
1210,6668,-8270,15164,-11545,-12454,6890
1211,7017,-8727,15194,-11625,-13233,7488
1212,7364,-9148,15203,-11563,-14103,8031
1213,7671,-9548,15078,-11424,-14959,8510
1214,7988,-9954,14769,-11192,-15793,8906
1215,8530,-10251,14464,-10818,-16517,9201
1216,9199,-10481,14234,-10448,-16740,9361
1217,9739,-10756,14021,-10253,-16075,9421
1218,10039,-11041,13797,-10211,-14656,9430
1219,10148,-11368,13548,-10232,-12995,9335
1220,10144,-11736,13269,-10225,-11437,9110
1221,10034,-12128,12820,-10080,-10049,8777
1222,9847,-12474,12167,-9688,-8880,8327
1223,9726,-12722,11587,-8967,-8046,7705
1224,9600,-12952,11204,-8013,-7448,6901
1225,9483,-13146,10833,-6888,-6987,5999
1226,9373,-13344,10557,-5614,-6679,5056
1227,9236,-13549,10382,-4236,-6475,4109
1228,9147,-13728,10317,-2769,-6399,3139
1229,9171,-13927,10404,-1253,-6430,2139
1230,9342,-14145,10569,300,-6439,1119
1231,9589,-14360,10936,1904,-6295,68
1232,9881,-14614,11445,3526,-5966,-1035
1233,10352,-14835,12022,5205,-5537,-2183
1234,11097,-15083,12769,6928,-5015,-3439
1235,12022,-15342,13629,8686,-4251,-4838
1236,12978,-15568,14503,10457,-3139,-6359
1237,13875,-15726,15293,12264,-1772,-7978
1238,14605,-15721,15982,14087,-233,-9666
1239,15209,-15554,16507,15856,1472,-11401
1240,15680,-15323,16824,17542,3288,-13131
1241,15915,-15009,16890,19065,5065,-14810
1242,16073,-14444,16850,20435,6629,-16440
1243,16097,-13823,16559,21668,8087,-18064
1244,15973,-13101,16100,22778,9571,-19534
1245,15654,-12161,15583,23777,11068,-20857
1246,15154,-11174,14989,24676,12487,-22048
1247,14532,-10212,14330,25485,13796,-23120
1248,13769,-9229,13611,26182,15166,-24085
1249,12765,-8283,12776,26688,16628,-24953
1250,11602,-7384,12001,27095,17968,-25660
1251,10460,-6491,11275,27458,19029,-26023
1252,9409,-5635,10505,27766,19804,-26136
1253,8431,-4841,9705,28008,20453,-26071
1254,7437,-4157,8909,28195,21065,-25806
1255,6396,-3610,8012,28328,21507,-25231
1256,5400,-3042,7055,28556,21516,-24421
1257,4510,-2501,6066,28828,21083,-23562
1258,3661,-2135,5012,29156,20283,-22838
1259,2689,-2013,3838,29517,19072,-22386
1260,1536,-1917,2488,29842,17559,-21897
1261,377,-2034,877,30135,15985,-21152
1262,-834,-2198,-967,30172,14438,-20178
1263,-2287,-2519,-3163,29680,12870,-18944
1264,-4046,-2994,-5812,28707,11499,-17304
1265,-5717,-3639,-8508,27169,10165,-14983
1266,-7114,-4565,-10934,25121,8728,-12004
1267,-8141,-5499,-13117,22473,6787,-8306
1268,-8694,-6505,-15082,18632,4126,-4199
1269,-8597,-7480,-16850,13492,1083,-502
1270,-7868,-8328,-18308,8866,-1913,2824
1271,-6436,-8997,-18715,4703,-4588,5818
1272,-4892,-9620,-18415,956,-6822,8513
1273,-3212,-11436,-17854,-2416,-8786,10938
1274,-877,-13569,-16369,-5451,-10470,13121
1275,1415,-15489,-11995,-8182,-10744,15086
1276,2636,-17217,-7519,-10641,-9024,16854
1277,3837,-18772,-3490,-12853,-7677,18445
1278,3344,-17877,135,-12857,-7180,18742
1279,3366,-16920,3333,-11990,-7566,17398
1280,3901,-16081,6066,-11178,-7285,15413
1281,3740,-14862,8107,-10340,-5164,13544
1282,2625,-13821,9575,-9748,-2414,11913
1283,1190,-12863,10587,-9113,-737,10521
1284,173,-11900,11493,-8303,-571,9329
1285,-308,-11064,12432,-7394,-1151,8280
1286,-522,-10304,13289,-6399,-1639,7329
1287,-708,-9613,13996,-5323,-1751,6427
1288,-935,-9031,14546,-4171,-1622,5530
1289,-1175,-8557,14928,-2909,-1449,4626
1290,-1297,-8145,15116,-1521,-1389,3739
1291,-1258,-7825,15120,-29,-1465,2846
1292,-1118,-7616,14969,1552,-1603,1906
1293,-879,-7530,14655,3196,-1784,911
1294,-551,-7413,14223,4842,-1999,-124
1295,-219,-7138,13716,6356,-2173,-1189
1296,48,-6673,13160,7610,-2186,-2178
1297,156,-6036,12492,8495,-1922,-3016
1298,104,-5281,11683,8948,-1487,-3651
1299,-29,-4429,10755,8991,-1150,-4088
1300,-220,-3464,9830,8638,-1102,-4394
1301,-424,-2491,9087,7841,-1325,-4598
1302,-628,-1696,8457,6546,-1665,-4673
1303,-826,-1080,7857,4869,-2075,-4555
1304,-1062,-544,7335,2928,-2708,-4232
1305,-1192,-142,7142,774,-3738,-3768
1306,-1099,30,7199,-1576,-5059,-3210
1307,-829,-131,7539,-4061,-6533,-2583
1308,-397,-585,8056,-6567,-8020,-1800
1309,293,-1133,8727,-8907,-9446,-863
1310,1110,-1771,9532,-11091,-10644,170
1311,1840,-2574,10395,-13127,-11653,1184
1312,2501,-3507,11394,-14979,-12542,2230
1313,3200,-4474,12357,-16553,-13437,3273
1314,3956,-5453,13219,-17778,-14492,4242
1315,4697,-6286,14014,-18626,-15629,5175
1316,5346,-6987,14751,-19268,-16640,6056
1317,5881,-7718,15397,-19840,-17346,6885
1318,6305,-8533,15921,-20274,-17803,7653
1319,6622,-9393,16327,-20439,-18278,8289
1320,6914,-10187,16547,-20225,-19253,8756
1321,7550,-10803,16872,-19546,-20604,9090
1322,8252,-11374,17243,-18703,-21782,9356
1323,9013,-11738,17543,-17755,-22171,9662
1324,10014,-11807,17690,-16879,-21689,9924
1325,11027,-11838,17504,-16222,-20084,9992
1326,11693,-12033,16927,-15759,-17330,9842
1327,11810,-12479,15998,-15324,-13797,9538
1328,11415,-12981,14911,-14592,-10107,9134
1329,10677,-13329,13720,-13464,-6776,8672
1330,9875,-13486,12541,-12042,-4186,8157
1331,9095,-13519,11462,-10494,-2552,7614
1332,8356,-13504,10601,-8910,-1904,7040
1333,7748,-13524,9901,-7402,-2088,6475
1334,7292,-13638,9465,-5945,-2772,5957
1335,6974,-13837,9235,-4488,-3674,5518
1336,6918,-14217,9300,-2955,-4786,5067
1337,7086,-14687,9648,-1221,-5954,4548
1338,7440,-15059,10259,722,-6991,3965
1339,7928,-15364,11065,2757,-7685,3248
1340,8464,-15618,12004,4832,-7824,2393
1341,8935,-15905,12990,6890,-7340,1421
1342,9304,-16230,13933,8937,-6397,400
1343,9659,-16570,14841,11027,-5294,-649
1344,10219,-16816,15819,13192,-4166,-1770
1345,10910,-17021,16769,15149,-2863,-3027
1346,11469,-17181,17524,16911,-1254,-4407
1347,11807,-17155,18054,18497,487,-5818
1348,11986,-16880,18375,19924,2243,-7221
1349,12078,-16390,18461,21208,4041,-8601
1350,11947,-15753,18107,22364,6007,-9908
1351,11554,-14964,17454,23404,8077,-11098
1352,11076,-14029,16634,24340,10063,-12135
1353,10440,-13018,15598,25183,11910,-13009
1354,9759,-11894,14622,25942,13554,-13723
1355,9016,-10761,13587,26624,15020,-14283
1356,8223,-9624,12543,27238,16229,-14679
1357,7448,-8430,11497,27791,17049,-14947
1358,6739,-7230,10553,28289,17466,-15157
1359,6081,-6068,9739,28737,17634,-15405
1360,5407,-5059,8961,29140,17749,-15667
1361,4705,-4146,8137,29434,17836,-15924
1362,3928,-3359,7277,29626,17813,-16175
1363,2996,-2698,6295,29757,17610,-16314
1364,1992,-2138,5179,29852,17095,-16235
1365,904,-1636,3807,29927,16219,-16001
1366,-317,-1139,2180,29992,14968,-15799
1367,-1721,-709,434,29947,13272,-15660
1368,-3098,-326,-1094,29630,11035,-15338
1369,-4198,35,-2269,28935,8402,-14721
1370,-4979,284,-3135,27879,5769,-13902
1371,-5627,452,-3985,26429,3745,-12858
1372,-6382,544,-4924,24627,2512,-11604
1373,-7299,590,-6026,22631,1737,-10115
1374,-8389,457,-7524,20411,1149,-8322
1375,-9415,-64,-9265,17899,595,-6172
1376,-10426,-790,-11290,15142,-16,-3713
1377,-11344,-1635,-13384,11780,-1045,-772
1378,-11827,-2681,-15322,7546,-2579,2581
1379,-11706,-3729,-16959,3514,-4595,5599
1380,-10907,-4752,-17693,-113,-6744,8316
1381,-9323,-5985,-17381,-3378,-8591,10761
1382,-7474,-8003,-16668,-6317,-10086,12962
1383,-4852,-10480,-15811,-8962,-11517,14942
1384,-2078,-12708,-12846,-11343,-11993,16725
1385,-738,-14714,-9024,-13485,-10531,18329
1386,1410,-16520,-4845,-15413,-9106,19773
1387,2364,-17086,-1084,-16907,-8076,20823
1388,2033,-16389,2300,-16185,-7387,20029
1389,2395,-16240,5296,-15352,-7299,18054
1390,2674,-15791,7726,-14335,-6141,15878
1391,2166,-14906,9439,-13323,-3654,14041
1392,968,-14276,10630,-12512,-1288,12493
1393,-265,-13622,11528,-11585,-169,11204
1394,-1051,-12997,12194,-10596,-212,10094
1395,-1381,-12450,12763,-9586,-755,9067
1396,-1580,-11988,13215,-8518,-1188,8061
1397,-1756,-11610,13495,-7345,-1398,7093
1398,-1818,-11292,13616,-6036,-1560,6149
1399,-1806,-11040,13543,-4624,-1700,5188
1400,-1761,-10836,13260,-3151,-1831,4172
1401,-1722,-10598,12881,-1695,-1980,3104
1402,-1676,-10267,12473,-350,-2109,2008
1403,-1610,-9985,12041,737,-2255,913
1404,-1456,-9802,11559,1555,-2500,-136
1405,-1270,-9521,11050,2165,-2828,-1040
1406,-1034,-9120,10604,2513,-3240,-1784
1407,-818,-8750,10474,2559,-3719,-2413
1408,-670,-8456,10462,2329,-4094,-2853
1409,-570,-8039,10296,1904,-4450,-3034
1410,-420,-7453,10092,1326,-5112,-3002
1411,-105,-6871,10115,564,-6100,-2758
1412,301,-6513,10442,-437,-7123,-2365
1413,695,-6256,10775,-1595,-7911,-1777
1414,1038,-6064,10994,-2816,-8545,-961
1415,1399,-5970,11149,-4042,-9252,55
1416,1863,-5917,11400,-5221,-10148,1174
1417,2500,-5927,11734,-6423,-11053,2274
1418,3150,-6064,12069,-7717,-11758,3308
1419,3836,-6335,12555,-9052,-12347,4268
1420,4427,-6647,13035,-10359,-12680,5201
1421,4835,-6982,13442,-11606,-12778,6080
1422,5274,-7457,13907,-12724,-12950,6854
1423,5713,-8084,14450,-13624,-13244,7491
1424,6113,-8715,14939,-14253,-13591,8021
1425,6479,-9287,15320,-14628,-14027,8459
1426,6767,-9780,15562,-14787,-14568,8830
1427,6989,-10227,15638,-14749,-15356,9064
1428,7449,-10647,15576,-14547,-16418,9099
1429,8169,-11047,15401,-14238,-17370,8928
1430,8899,-11453,15055,-13877,-17710,8607
1431,9383,-11860,14571,-13451,-17298,8201
1432,9529,-12288,14070,-12912,-16362,7731
1433,9400,-12654,13416,-12192,-15210,7209
1434,9166,-12887,12624,-11271,-14164,6673
1435,8966,-12990,11791,-10242,-13362,6149
