accX,accY,accZ,gyroX,gyroY,gyroZ
11404,-8570,9113,-864,1097,88
11264,-8695,9060,-890,869,170
11177,-8893,8992,-931,521,257
11327,-9160,9054,-940,45,250
11638,-9438,9196,-854,-558,68
12276,-9706,9400,-669,-1325,-388
13066,-9981,9576,-509,-2243,-1180
13880,-10241,9654,-548,-3354,-2191
14716,-10510,9689,-936,-4653,-3360
15428,-10566,9591,-1619,-5961,-4772
15833,-10424,8933,-2718,-7255,-6240
16017,-10206,7850,-4229,-8830,-7702
16034,-9713,6560,-5906,-10649,-9311
16026,-8969,5158,-7674,-12470,-11226
15978,-8143,3967,-9632,-14085,-13063
15683,-7412,3118,-11725,-15224,-14363
15312,-6662,2506,-13588,-15784,-15090
15046,-5939,2077,-15203,-15915,-15373
14840,-5414,1928,-16648,-15660,-15298
14582,-5017,2012,-17673,-14927,-14994
14141,-4625,2083,-18059,-13794,-14617
13874,-4330,2164,-18042,-12704,-14096
13663,-4192,2305,-17748,-11818,-13245
13648,-4056,2369,-16995,-11229,-12158
13935,-3809,2343,-15840,-10895,-10962
14314,-3516,2065,-14471,-10514,-9901
14621,-3156,1614,-13037,-10057,-9116
14797,-2719,1078,-11615,-9634,-8495
15006,-2309,651,-10341,-9306,-7929
15214,-1967,307,-9116,-8920,-7396
15354,-1605,-19,-7812,-8390,-6944
15422,-1262,-329,-6430,-7735,-6588
15492,-1000,-539,-5058,-7064,-6267
15491,-806,-685,-3628,-6410,-6046
15484,-646,-795,-2093,-5822,-5919
15531,-541,-911,-477,-5323,-5859
15586,-444,-1109,1221,-4892,-5899
15509,-279,-1464,2984,-4525,-6050
15399,-10,-1961,4768,-4312,-6289
15360,278,-2570,6448,-4227,-6536
15354,596,-3267,7954,-4112,-6754
15279,989,-4108,9362,-3859,-7020
15124,1412,-4984,10538,-3436,-7283
14979,1816,-5812,11382,-2883,-7429
14765,2227,-6616,11930,-2262,-7465
14272,2632,-7517,12219,-1706,-7439
14011,2995,-8268,12139,-1503,-7289
14085,3274,-8859,11735,-1537,-7071
14258,3505,-9300,11182,-1429,-6862
14197,3644,-9533,10501,-1030,-6625
14155,3677,-9638,9756,-615,-6380
14246,3582,-9521,9056,-344,-6170
14789,3486,-9265,8530,-246,-6044
15055,3387,-9166,8266,161,-6050
15008,3334,-9208,8107,903,-6093
14805,3272,-9376,7909,1692,-6074
14540,3335,-9647,7717,2437,-5976
14314,3418,-9838,7382,3099,-5725
14040,3526,-9910,6957,3675,-5397
13974,3594,-9793,6490,4080,-5045
13927,3644,-9591,6109,4460,-4725
13792,3696,-9425,5883,4853,-4461
13427,3675,-9204,5764,5177,-4205
12805,3486,-8773,5731,5271,-3901
12087,3158,-8226,5922,4956,-3663
11302,2732,-7706,6424,4076,-3470
10386,2345,-7385,7339,2526,-3149
9451,2069,-7510,8616,192,-2677
8809,1903,-8066,10090,-2975,-2080
8510,1755,-8890,11574,-5954,-1425
8581,1488,-10081,13064,-8636,-843
8755,1406,-11243,14491,-11049,-260
8883,1216,-12544,15492,-13185,243
8680,1035,-14198,16064,-14613,607
8326,926,-16055,16062,-15481,1066
7943,836,-17726,15342,-15747,1654
7537,777,-19230,13998,-15498,2248
7065,692,-20584,12121,-15017,2829
6675,527,-21802,9739,-14563,3492
6484,346,-22711,6987,-14222,4263
6355,185,-23390,4020,-13870,5120
6500,53,-23614,822,-13465,5986
7911,-846,-20164,-2356,-12765,6604
7835,-2211,-17487,-3876,-10995,6265
8116,-2716,-16312,-4387,-10570,6162
7974,-2707,-16135,-4482,-11439,6358
7984,-2390,-15989,-4652,-11508,6438
7444,-2127,-15668,-4843,-9867,6278
6334,-1836,-15465,-4807,-7856,5983
5753,-1369,-15248,-4651,-6759,5834
5672,-938,-15032,-4523,-6043,5707
5444,-531,-15000,-4276,-5025,5385
5105,-236,-15055,-3991,-4043,4961
4829,-5,-15054,-3682,-3387,4542
4719,178,-14978,-3357,-2946,4201
4727,292,-14851,-3036,-2449,3939
4839,351,-14678,-2715,-1775,3762
5103,370,-14394,-2403,-899,3679
5479,362,-13945,-2064,281,3688
5901,314,-13357,-1628,1968,3752
6340,181,-12705,-1005,4209,3811
6742,-77,-12165,-114,6962,3850
7047,-441,-11921,1078,9542,3972
7291,-855,-11921,2548,11865,4344
7585,-1310,-11861,4072,13955,5125
7825,-1702,-11709,5570,15836,6338
7884,-1997,-11553,6905,17529,7869
7816,-2353,-11354,7750,19053,9678
7805,-2917,-10875,8159,20424,11636
7703,-3824,-10317,8448,21659,13516
7860,-4931,-9667,8607,21439,15441
8484,-6227,-9076,8711,19783,17174
9406,-7663,-8452,8613,17327,18733
10373,-9044,-7798,8480,14781,20137
11132,-10169,-7271,8427,12731,21400
11605,-11134,-6769,8172,11281,22536
11678,-11958,-6360,7680,10109,23366
11808,-12872,-5939,6981,8581,23630
11873,-13594,-5510,6466,6247,23504
11924,-14094,-5283,6297,3301,23068
12219,-14426,-5025,6051,262,22446
12591,-14697,-4727,5688,-2312,21514
12817,-14858,-4464,5338,-4119,20050
12784,-14944,-4226,4943,-5109,18184
12599,-14986,-3942,4419,-5448,16225
12294,-15016,-3617,3807,-5366,14335
11962,-15057,-3342,3150,-5075,12436
11731,-15172,-3187,2424,-4817,10553
11601,-15266,-3196,1794,-4902,8635
11667,-15415,-3414,1222,-5557,6493
11904,-15524,-3875,597,-6698,4214
12233,-15624,-4715,-224,-8202,1821
12699,-15745,-5737,-1447,-10142,-543
13175,-15866,-6979,-3130,-12331,-2749
13595,-16030,-8299,-5288,-14375,-4745
13890,-16239,-9596,-7803,-16165,-6512
13951,-16442,-10822,-10299,-17353,-8088
13821,-16612,-11863,-12546,-17986,-9423
13445,-16680,-12650,-14568,-18213,-10348
12802,-16702,-13421,-16388,-18273,-10848
12034,-16619,-14009,-18026,-18512,-10935
11571,-16359,-14184,-19500,-18981,-10578
11201,-15910,-14191,-20827,-19087,-9879
11186,-16662,-11701,-22021,-18715,-9100
9785,-16433,-8944,-21351,-17528,-9355
9902,-15668,-7459,-20288,-17280,-8840
10234,-14666,-7256,-19264,-17713,-7279
10099,-13430,-7604,-18056,-16898,-6029
9335,-12315,-7916,-16735,-15101,-5330
8589,-11125,-8184,-15320,-13510,-4670
8035,-9904,-8624,-13934,-12208,-3921
7778,-8735,-9099,-12610,-10989,-3247
7532,-7676,-9606,-11372,-9720,-2745
7189,-6719,-10158,-10205,-8494,-2379
6967,-5826,-10661,-9131,-7483,-2055
6866,-5014,-11048,-8159,-6543,-1754
6859,-4292,-11314,-7300,-5518,-1444
6966,-3662,-11415,-6553,-4346,-1084
7096,-3122,-11332,-5906,-2951,-679
7292,-2722,-11056,-5380,-1385,-200
7680,-2482,-10666,-4876,413,391
8056,-2362,-10330,-4172,2641,1034
8231,-2400,-10028,-3176,5215,1579
8184,-2611,-9853,-1813,7965,2003
8085,-2897,-9774,-207,10445,2653
8058,-3221,-9755,1507,12677,3755
8127,-3564,-9713,3199,14686,5283
8222,-3891,-9628,4735,16494,7096
8324,-4276,-9445,5875,18122,9118
8391,-4771,-9166,6698,19586,11294
8413,-5438,-8867,7317,20771,13441
8553,-6268,-8504,7712,20652,15374
8772,-7310,-8028,7885,19566,17113
9012,-8494,-7545,7982,17906,18678
9202,-9716,-7090,8061,15880,20087
9309,-10996,-6677,8138,13525,21355
9496,-12360,-6252,8111,10889,22496
9709,-13652,-5904,8092,8188,23523
10113,-14762,-5608,8117,5624,24446
10607,-15650,-5239,8131,3375,24850
11016,-16228,-5085,8211,1558,24580
11289,-16531,-4876,8198,-172,23685
11415,-16606,-4642,8061,-1725,22399
11454,-16544,-4436,7626,-2660,20912
11332,-16543,-4206,6881,-2922,19150
10993,-16567,-3995,6036,-2721,17186
10557,-16560,-3796,5144,-2316,15243
10089,-16564,-3593,4250,-1883,13394
9623,-16553,-3393,3459,-1529,11627
9190,-16490,-3212,2812,-1287,9932
8814,-16402,-3041,2269,-1180,8329
8491,-16305,-2869,1796,-1206,6878
8205,-16201,-2693,1381,-1314,5589
7933,-16102,-2527,999,-1460,4447
7699,-16020,-2362,629,-1614,3475
7510,-15970,-2173,284,-1723,2694
7351,-15959,-1922,-2,-1682,2068
7150,-15943,-1631,-174,-1402,1556
6865,-15917,-1334,-247,-875,1118
6507,-15896,-1048,-278,-197,771
6118,-15880,-787,-296,495,536
5738,-15862,-561,-314,1067,404
5418,-15844,-369,-352,1452,355
5191,-15840,-214,-413,1650,374
5055,-15839,-112,-466,1678,438
4987,-15851,-49,-506,1580,511
4950,-15866,-37,-527,1359,555
4931,-15850,-85,-535,990,556
4949,-15836,-156,-572,435,503
5054,-15835,-229,-632,-289,414
5266,-15806,-267,-693,-1056,275
5527,-15783,-347,-767,-1712,72
5778,-15780,-537,-842,-2243,-180
6018,-15789,-877,-923,-2750,-483
6262,-15794,-1391,-1053,-3380,-879
6589,-15817,-2065,-1322,-4308,-1450
7076,-15867,-2901,-1803,-5576,-2202
7636,-15909,-3872,-2555,-7056,-3033
8123,-15952,-4986,-3604,-8550,-4007
8414,-16063,-6431,-4949,-10055,-5231
8707,-16244,-7979,-6661,-11903,-6530
9091,-16449,-9418,-8796,-13990,-7566
9603,-16542,-10723,-11193,-15867,-8368
9737,-16647,-11941,-13351,-17390,-9125
9621,-16718,-13083,-15292,-18636,-9529
9502,-16773,-13868,-17040,-19753,-9472
9339,-16728,-14501,-18613,-20461,-8991
9039,-16534,-14954,-20028,-20672,-8197
8870,-16124,-14962,-21302,-20431,-7100
10623,-17178,-10189,-22448,-20040,-6447
9909,-17086,-8411,-21660,-17557,-6632
9381,-16388,-8904,-20566,-16395,-5637
9623,-15261,-9117,-19631,-15978,-3854
9600,-13970,-9461,-18407,-14489,-3065
8869,-12655,-9744,-17061,-12453,-2796
7725,-11417,-10164,-15697,-10732,-2526
7094,-10158,-10524,-14393,-9612,-2116
6631,-9039,-10894,-13160,-8635,-1754
6272,-8004,-11308,-11972,-7730,-1498
5922,-7111,-11742,-10872,-6954,-1336
5602,-6287,-12126,-9849,-6290,-1212
5337,-5519,-12431,-8901,-5695,-1072
5180,-4803,-12639,-8019,-5121,-892
5121,-4147,-12734,-7200,-4475,-676
5132,-3574,-12702,-6442,-3675,-443
5213,-3091,-12539,-5750,-2687,-190
5396,-2728,-12247,-5124,-1511,98
5791,-2506,-11849,-4490,-89,397
6173,-2417,-11444,-3706,1734,673
6407,-2478,-11064,-2672,3881,887
6500,-2749,-10795,-1281,6182,1047
6489,-3123,-10616,475,8443,1287
6575,-3648,-10439,2551,10490,1662
6812,-4227,-10345,4872,12663,2293
7067,-4762,-10323,7275,14673,3199
7285,-5253,-10306,9525,16483,4390
7333,-5716,-10319,11617,18111,5812
7227,-6312,-10160,13250,19577,7528
7206,-7156,-9850,14424,20692,9645
7408,-8249,-9428,15221,20859,11958
7700,-9558,-8980,15685,20379,14039
7928,-10939,-8570,15877,19420,15911
8166,-12333,-8159,15767,18008,17597
8527,-13707,-7727,15385,16330,19114
8968,-14884,-7297,14853,14698,20479
9366,-15762,-6943,14250,13307,21708
9648,-16322,-6642,13583,12131,22235
9690,-16599,-6421,12835,10972,21919
9599,-16735,-6081,12035,9125,20909
9525,-16708,-5822,11176,6937,19633
9489,-16608,-5496,10055,4969,18160
9336,-16641,-5119,8662,3512,16550
9117,-16670,-4762,7296,2409,14812
8892,-16688,-4439,6002,1453,13071
8683,-16679,-4148,4808,622,11468
8514,-16663,-3860,3763,-100,10025
8350,-16619,-3579,2933,-771,8658
8149,-16537,-3328,2314,-1375,7378
7932,-16458,-3084,1838,-1933,6224
7726,-16389,-2809,1484,-2424,5196
7519,-16328,-2499,1238,-2732,4287
7279,-16293,-2144,1072,-2753,3488
6972,-16251,-1771,998,-2501,2787
6610,-16197,-1415,976,-2033,2195
6219,-16154,-1106,944,-1448,1721
5826,-16124,-865,882,-872,1362
5470,-16095,-692,792,-411,1105
5177,-16066,-580,665,-67,943
4951,-16051,-497,511,189,839
4784,-16037,-463,367,400,755
4667,-16018,-462,237,560,679
4593,-15994,-480,122,659,611
4552,-15976,-511,19,697,547
4543,-15958,-544,-69,674,491
4547,-15948,-568,-144,607,436
4553,-15936,-578,-202,516,379
4548,-15928,-565,-246,415,320
4530,-15927,-521,-280,311,264
4512,-15926,-455,-305,216,214
4499,-15923,-372,-325,150,169
4482,-15918,-285,-340,132,127
4466,-15907,-196,-353,159,95
4463,-15902,-115,-370,227,80
4474,-15894,-52,-383,336,65
4500,-15882,1,-405,483,43
4541,-15868,53,-457,663,7
4577,-15841,85,-527,883,-73
4595,-15779,13,-661,1092,-230
4633,-15769,-127,-917,921,-439
4686,-15817,-340,-1124,74,-801
5002,-15820,-587,-1266,-1443,-1363
5431,-15748,-890,-1422,-3220,-2060
5864,-15710,-1327,-1694,-4974,-2910
6340,-15692,-1899,-2089,-6701,-3832
6822,-15681,-2671,-2626,-8405,-4811
7273,-15673,-3534,-3376,-10147,-5763
7739,-15667,-4538,-4357,-11861,-6646
8226,-15667,-5613,-5606,-13364,-7413
8629,-15689,-6738,-7061,-14426,-8156
8848,-15713,-7894,-8662,-15018,-8940
8876,-15699,-9097,-10390,-15351,-9603
8824,-15593,-10354,-12232,-15659,-10013
8576,-15439,-11648,-14216,-15982,-10198
8311,-15234,-12872,-16071,-16429,-10036
8117,-14977,-13959,-17741,-16854,-9520
7864,-14663,-14837,-19244,-16982,-8774
7564,-14345,-15519,-20596,-16780,-7830
7155,-14039,-16061,-21813,-16274,-6764
6628,-14391,-15247,-22908,-15721,-5645
7277,-15391,-11152,-23599,-15671,-5297
7309,-15271,-10495,-22417,-15120,-4803
7724,-14211,-10395,-21114,-14858,-3451
8266,-13276,-10332,-20007,-13930,-2453
8042,-12135,-10265,-18569,-12163,-2287
7023,-11065,-10343,-17047,-10354,-2251
6321,-9913,-10557,-15538,-9147,-1942
6050,-8818,-10695,-14133,-8253,-1513
5787,-7799,-10986,-12753,-7360,-1162
5583,-6893,-11367,-11442,-6608,-912
5383,-6073,-11788,-10213,-5990,-747
5244,-5311,-12166,-9091,-5439,-620
5150,-4601,-12492,-8077,-4883,-492
5132,-3943,-12729,-7174,-4305,-338
5202,-3360,-12845,-6388,-3692,-147
5368,-2860,-12825,-5704,-2962,72
5584,-2453,-12696,-5099,-2028,311
5838,-2160,-12486,-4535,-892,565
6161,-2010,-12201,-3934,416,860
6482,-1966,-11810,-3148,1977,1198
6667,-2065,-11444,-2015,3808,1444
6775,-2318,-11026,-523,5668,1575
6847,-2694,-10672,1346,7631,1739
6928,-3147,-10398,3501,9820,2107
7028,-3671,-10257,5809,12115,2753
7132,-4291,-10317,8213,14180,3657
7241,-4950,-10341,10551,16039,4961
7283,-5534,-10312,12706,17712,6659
7226,-6226,-10236,14465,19217,8553
7210,-7172,-10059,15662,20416,10771
7238,-8295,-9684,16390,20777,12971
7229,-9541,-9243,16761,20463,14950
7138,-10946,-8806,16777,19526,16732
7306,-12576,-8322,16428,17945,18335
7874,-14222,-7796,15839,15997,19779
8631,-15602,-7305,15192,14222,21077
9202,-16526,-7033,14673,12941,22246
9470,-16966,-6888,14194,11940,22592
9464,-17155,-6673,13652,10487,21883
9381,-17122,-6358,12852,8501,20708
9325,-17037,-6015,11648,6764,19369
9180,-16993,-5655,10141,5560,17771
8972,-16962,-5307,8520,4643,16036
8788,-16976,-4956,6918,3738,14264
8661,-17008,-4618,5463,2780,12522
8557,-17019,-4288,4216,1817,10837
8453,-17012,-3936,3180,856,9237
8317,-16978,-3570,2349,-50,7741
8103,-16911,-3221,1708,-840,6315
7836,-16817,-2970,1222,-1441,4969
7577,-16726,-2768,801,-1918,3740
7372,-16672,-2556,418,-2274,2656
7241,-16620,-2267,110,-2465,1703
7031,-16573,-1935,-69,-2321,789
6732,-16497,-1644,-121,-1905,-123
6463,-16413,-1411,-160,-1473,-882
6170,-16328,-1207,-199,-1115,-1423
5843,-16232,-1041,-255,-876,-1784
5597,-16142,-929,-345,-812,-1987
5409,-16065,-882,-453,-856,-2075
5254,-16007,-882,-556,-935,-2069
5119,-15984,-903,-632,-1001,-1973
5024,-15981,-935,-662,-1024,-1824
4973,-15964,-981,-644,-984,-1653
4939,-15929,-1038,-619,-883,-1482
4903,-15870,-1099,-610,-752,-1323
4886,-15791,-1151,-625,-633,-1172
4904,-15699,-1177,-654,-540,-1013
4943,-15615,-1180,-687,-463,-840
4993,-15550,-1169,-709,-402,-641
5054,-15500,-1174,-705,-368,-416
5136,-15469,-1184,-684,-380,-172
5240,-15447,-1207,-649,-423,58
5351,-15431,-1257,-619,-504,237
5477,-15432,-1353,-621,-659,352
5573,-15451,-1525,-673,-962,406
5626,-15487,-1742,-804,-1584,398
5747,-15554,-1935,-1026,-2623,344
5976,-15618,-2092,-1296,-3920,221
6157,-15602,-2249,-1578,-5182,-41
6364,-15568,-2513,-1890,-6361,-492
6664,-15544,-2827,-2239,-7442,-1056
6837,-15500,-3304,-2598,-8275,-1745
6859,-15450,-3940,-3040,-9013,-2533
6832,-15449,-4805,-3590,-9934,-3349
6859,-15439,-5800,-4244,-11197,-4124
6893,-15441,-6986,-5056,-12653,-4808
6825,-15455,-8267,-6091,-14151,-5310
6633,-15517,-9686,-7379,-15604,-5695
6471,-15584,-10927,-9011,-17014,-5832
6354,-15640,-11948,-10971,-18029,-5689
5991,-15668,-12846,-13074,-18371,-5289
5610,-15624,-13452,-15043,-18177,-4522
5133,-15562,-13972,-16816,-17436,-3479
4692,-15454,-14315,-18411,-16408,-2218
4271,-15287,-14592,-19846,-15283,-808
3909,-15004,-14785,-21138,-14186,672
3680,-14591,-14791,-22301,-13103,2156
3643,-14150,-14664,-23348,-11910,3611
4721,-14530,-11581,-23250,-10944,3916
4467,-13650,-10561,-21363,-9046,3587
5456,-13082,-9932,-20316,-8874,4070
5783,-12190,-10196,-19090,-8496,4736
5398,-11074,-10773,-17746,-7664,5063
5217,-10088,-10988,-16630,-6834,5082
4777,-9174,-11261,-15455,-5667,4831
4169,-8299,-11443,-14229,-4613,4568
3889,-7438,-11525,-13045,-4052,4463
3786,-6644,-11680,-11891,-3674,4422
3767,-5939,-11856,-10780,-3273,4350
3840,-5306,-12036,-9711,-2811,4240
3974,-4732,-12135,-8698,-2257,4119
4180,-4216,-12071,-7784,-1562,4035
4475,-3802,-11921,-6972,-648,4024
4842,-3569,-11876,-6137,537,4019
5199,-3464,-11817,-5186,2051,3945
5429,-3468,-11713,-4018,3870,3727
5642,-3526,-11459,-2642,5848,3466
5847,-3649,-11162,-1044,7921,3263
6008,-3865,-10933,763,10026,3204
6099,-4209,-10883,2775,11979,3385
6284,-4628,-10826,4917,13637,3889
6705,-5047,-10688,7018,15485,4794
7199,-5444,-10555,8976,17214,5927
7523,-5902,-10471,10764,18769,7023
7549,-6466,-10332,12211,20169,8205
7383,-7130,-10026,13241,21429,9723
7106,-7921,-9608,13899,22083,11646
6835,-8931,-9109,14218,21514,13759
6667,-10239,-8550,14270,19919,15659
6678,-11832,-7960,14144,17589,17370
6971,-13538,-7406,13945,14851,18910
7541,-15184,-6913,13755,12141,20296
8191,-16518,-6558,13667,9902,21543
8713,-17372,-6412,13699,8288,22665
9035,-17737,-6343,13726,7132,22875
9145,-17732,-6260,13521,6297,22247
9043,-17552,-6119,12812,5758,21037
8852,-17452,-5839,11701,5151,19325
8620,-17346,-5527,10389,4414,17413
8484,-17235,-5204,8901,3771,15584
8368,-17210,-4868,7399,3180,13704
8244,-17154,-4561,6060,2612,11852
8109,-17077,-4278,4904,1997,10126
8009,-16962,-3998,3949,1309,8597
7890,-16809,-3726,3181,619,7209
7738,-16622,-3479,2571,-56,5950
7586,-16441,-3250,2033,-707,4856
7432,-16323,-3031,1507,-1268,3903
7268,-16245,-2832,1038,-1742,3046
7110,-16190,-2652,605,-2104,2273
6931,-16189,-2454,180,-2358,1545
6744,-16214,-2232,-206,-2527,855
6593,-16250,-1991,-530,-2609,206
6470,-16298,-1676,-791,-2512,-356
6342,-16350,-1323,-947,-2153,-830
6115,-16363,-974,-971,-1493,-1220
5782,-16325,-671,-914,-625,-1511
5426,-16246,-452,-864,288,-1688
5069,-16155,-335,-876,1031,-1756
4765,-16066,-292,-996,1367,-1725
4621,-16022,-268,-1189,1111,-1687
4721,-15988,-320,-1388,329,-1737
4973,-15947,-454,-1611,-692,-1868
5337,-15915,-662,-1850,-1691,-2091
5763,-15872,-921,-2095,-2509,-2397
6095,-15782,-1270,-2370,-3069,-2831
6304,-15689,-1729,-2725,-3548,-3432
6630,-15582,-2255,-3138,-4243,-4092
7080,-15480,-2805,-3612,-5126,-4740
7568,-15380,-3433,-4126,-5971,-5371
7978,-15256,-4184,-4662,-6640,-6103
8352,-15112,-4959,-5295,-7228,-6922
8751,-14955,-5715,-6087,-7816,-7696
9130,-14795,-6373,-7042,-8342,-8346
9353,-14628,-7035,-8061,-8664,-8914
9362,-14438,-7732,-9090,-8856,-9415
9293,-14215,-8385,-10127,-9166,-9793
9187,-13985,-9088,-11140,-9704,-10027
9140,-13719,-9735,-12147,-10439,-10114
9132,-13427,-10200,-13197,-11167,-10038
9128,-13160,-10625,-14268,-11641,-9728
8854,-12898,-11196,-15237,-11847,-9283
8523,-12615,-11680,-16137,-12145,-8742
8449,-12266,-11915,-16978,-12566,-8043
8407,-11871,-12093,-17698,-12693,-7221
8051,-11518,-12515,-18199,-12445,-6394
7411,-11158,-13318,-18396,-12245,-5636
6690,-10717,-14393,-18417,-12392,-4823
6434,-10111,-15237,-18668,-12747,-3730
6090,-9841,-14543,-19468,-12734,-2351
7093,-10162,-12639,-19924,-13453,-1161
7404,-9416,-12438,-18917,-13540,-158
8116,-8823,-11853,-18380,-13370,872
8250,-7994,-11667,-17335,-12175,1000
7891,-7106,-11497,-16100,-10691,709
7169,-6353,-11474,-14901,-9281,496
6465,-5544,-11613,-13633,-8003,404
5879,-4803,-11835,-12422,-6918,457
5487,-4076,-12111,-11242,-6037,562
5240,-3411,-12430,-10136,-5314,659
5063,-2770,-12747,-9097,-4670,714
4964,-2177,-13048,-8142,-4106,731
4885,-1609,-13365,-7261,-3566,710
4787,-1097,-13655,-6495,-3054,684
4720,-651,-13871,-5849,-2607,693
4681,-298,-14042,-5291,-2221,719
4652,2,-14152,-4775,-1843,744
4677,235,-14181,-4300,-1448,781
4795,398,-14097,-3849,-984,835
4995,492,-13875,-3401,-376,895
5271,490,-13506,-2930,414,1001
5609,418,-13020,-2355,1439,1166
5856,236,-12575,-1523,2783,1232
6012,-107,-12130,-437,4347,1131
6135,-547,-11684,986,6057,1075
6306,-1043,-11240,2667,7932,1216
6463,-1673,-10870,4593,9863,1483
6569,-2346,-10650,6830,11791,1921
6626,-2990,-10562,9250,13738,2595
6640,-3640,-10543,11601,15641,3525
6666,-4362,-10527,13718,17354,4757
6742,-5212,-10482,15623,18706,6405
6809,-6220,-10268,17211,19471,8482
6883,-7381,-9919,18463,19647,10805
7027,-8732,-9509,19333,19346,13002
7215,-10268,-9078,19810,18698,14978
7500,-11920,-8635,19927,17823,16757
7918,-13513,-8202,19742,16853,18358
8393,-14886,-7828,19311,15911,19799
8907,-15927,-7498,18711,15048,21096
9361,-16544,-7219,18025,14272,22062
9639,-16794,-6964,17222,13515,22122
9646,-16769,-6718,16157,12766,21385
9397,-16720,-6395,14775,11613,20022
9045,-16649,-5986,13307,9648,18213
8750,-16551,-5602,11637,7666,16455
8540,-16572,-5176,9738,5919,14775
8364,-16665,-4782,7891,4374,13090
8244,-16757,-4419,6244,2971,11424
8176,-16808,-4117,4857,1752,9800
8121,-16815,-3812,3739,697,8233
8065,-16760,-3504,2886,-206,6768
7983,-16663,-3194,2241,-943,5446
7856,-16548,-2892,1737,-1474,4283
7692,-16452,-2570,1327,-1803,3280
7466,-16385,-2213,1030,-1916,2458
7202,-16327,-1865,858,-1788,1771
6931,-16293,-1551,762,-1461,1175
6632,-16259,-1269,731,-1032,678
6324,-16219,-1061,718,-568,261
6011,-16167,-897,650,-149,-58
5710,-16108,-788,532,143,-286
5479,-16049,-722,368,253,-448
5322,-16008,-659,191,202,-581
5233,-15929,-630,51,118,-675
5191,-15858,-598,-74,94,-725
5154,-15825,-558,-192,173,-711
5096,-15819,-528,-280,310,-652
5020,-15806,-541,-324,432,-572
4965,-15796,-563,-353,481,-472
4947,-15797,-576,-375,456,-369
4955,-15797,-589,-383,395,-288
4977,-15786,-602,-387,339,-231
4996,-15776,-609,-400,312,-189
5005,-15767,-604,-420,309,-161
5005,-15756,-589,-441,317,-144
5000,-15751,-562,-466,325,-128
4997,-15746,-529,-487,327,-109
4996,-15739,-496,-501,328,-87
5002,-15733,-464,-513,333,-57
5011,-15730,-434,-527,341,-20
5022,-15723,-407,-541,351,19
5036,-15715,-385,-560,351,58
5062,-15704,-366,-576,336,92
5082,-15684,-359,-590,311,112
5055,-15655,-401,-638,221,120
4991,-15647,-500,-757,-107,97
4902,-15681,-649,-934,-871,8
4934,-15711,-819,-1108,-2148,-146
5124,-15668,-1049,-1268,-3756,-417
5532,-15630,-1306,-1489,-5441,-825
5924,-15587,-1581,-1755,-6838,-1313
6214,-15541,-1885,-2070,-7822,-1860
6464,-15495,-2201,-2430,-8490,-2386
6662,-15452,-2518,-2833,-8917,-2872
6797,-15435,-2892,-3251,-9166,-3322
6850,-15417,-3381,-3654,-9352,-3740
6865,-15395,-3989,-4083,-9645,-4156
6898,-15380,-4674,-4607,-10165,-4523
6928,-15370,-5507,-5211,-10906,-4840
6889,-15348,-6531,-5906,-11843,-5176
6811,-15321,-7747,-6719,-12994,-5498
6729,-15295,-9116,-7706,-14363,-5692
6770,-15251,-10467,-8993,-15729,-5748
6621,-15235,-11809,-10600,-16741,-5742
6411,-15250,-13086,-12525,-17465,-5472
6105,-15284,-14145,-14549,-17888,-4915
5797,-15346,-15100,-16371,-17971,-4029
5393,-15360,-15857,-18011,-17695,-2910
5050,-15244,-16261,-19486,-17119,-1593
4892,-14923,-16360,-20814,-16177,-96
6666,-16352,-11447,-22010,-15193,972
6179,-15658,-9147,-21287,-12407,732
6487,-15227,-8527,-20797,-11432,1150
6972,-14434,-8877,-20029,-11437,2220
6896,-13211,-9504,-18792,-10354,2609
6626,-12090,-9761,-17680,-8781,2514
5925,-10966,-9982,-16468,-7176,2342
5158,-9866,-10228,-15214,-6002,2296
4796,-8823,-10447,-14008,-5299,2373
4469,-7890,-10759,-12798,-4598,2408
4176,-7072,-11117,-11611,-3959,2371
4001,-6336,-11477,-10454,-3532,2286
3898,-5667,-11808,-9342,-3260,2173
3874,-5077,-12066,-8311,-3036,2069
3914,-4561,-12258,-7363,-2748,2004
4023,-4110,-12344,-6513,-2346,1995
4242,-3732,-12269,-5792,-1797,2065
4626,-3471,-12000,-5163,-1007,2209
5004,-3327,-11616,-4462,160,2390
5335,-3284,-11191,-3515,1736,2552
5545,-3398,-10874,-2146,3640,2559
5653,-3663,-10709,-305,5711,2443
5728,-4033,-10751,1952,7862,2378
5863,-4522,-10789,4408,9941,2584
6119,-5077,-10776,7062,12034,3074
6438,-5564,-10725,9633,14107,3910
6775,-6068,-10814,11946,15973,5016
6966,-6646,-10813,13961,17653,6368
6939,-7347,-10635,15475,19164,7990
6775,-8161,-10303,16437,20524,9902
6497,-9155,-9884,16888,21447,12086
6261,-10426,-9364,16897,21139,14154
6229,-11992,-8791,16598,19746,16015
6474,-13698,-8215,16147,17591,17690
7026,-15333,-7680,15708,15161,19198
7714,-16656,-7242,15374,12955,20555
8376,-17451,-6937,15188,11219,21776
8867,-17690,-6737,15009,9985,22084
8978,-17583,-6568,14493,9142,21469
8874,-17449,-6255,13566,8101,20079
8628,-17236,-5943,12293,6939,18370
8399,-17064,-5619,10673,5742,16630
8236,-16987,-5288,8944,4412,14797
8141,-16946,-4996,7290,3079,12926
8096,-16953,-4706,5765,1811,11061
8060,-16987,-4419,4447,639,9238
8016,-16984,-4122,3371,-401,7490
7949,-16926,-3832,2513,-1250,5853
7851,-16830,-3534,1771,-1855,4400
7705,-16726,-3240,1096,-2214,3139
7482,-16643,-2951,501,-2426,2042
7284,-16598,-2619,21,-2640,1141
7152,-16638,-2179,-263,-2734,491
6903,-16629,-1689,-245,-2456,-9
6510,-16548,-1216,-68,-1782,-489
6014,-16416,-864,122,-954,-914
5596,-16315,-583,166,-239,-1160
5302,-16284,-343,73,264,-1224
5078,-16266,-176,-56,580,-1197
4845,-16225,-72,-185,752,-1117
4642,-16178,-3,-316,776,-991
4506,-16114,27,-410,679,-842
4419,-16047,10,-472,523,-695
4375,-15994,-39,-519,329,-540
4373,-15953,-113,-546,91,-385
4411,-15910,-201,-554,-169,-232
4493,-15878,-291,-558,-414,-74
4581,-15852,-380,-559,-605,77
4668,-15826,-464,-567,-745,227
4759,-15809,-531,-584,-838,365
4845,-15796,-582,-591,-899,456
4930,-15783,-616,-592,-938,501
5016,-15784,-624,-595,-961,506
5091,-15786,-612,-591,-959,480
5141,-15783,-588,-582,-912,424
5164,-15777,-552,-577,-825,354
5168,-15766,-513,-580,-711,284
5157,-15760,-473,-594,-581,211
5143,-15752,-447,-611,-467,148
5150,-15748,-427,-631,-378,104
5175,-15748,-420,-657,-304,66
5199,-15747,-432,-697,-265,22
5217,-15759,-477,-762,-301,-46
5270,-15775,-529,-835,-467,-150
5376,-15787,-570,-906,-712,-296
5507,-15789,-649,-968,-947,-497
5618,-15795,-852,-1051,-1208,-771
5729,-15817,-1226,-1197,-1744,-1149
5916,-15834,-1693,-1483,-2749,-1626
6237,-15840,-2273,-1958,-4164,-2196
6619,-15823,-2986,-2642,-5801,-2860
6937,-15780,-3873,-3526,-7492,-3641
7215,-15755,-4966,-4599,-9284,-4565
7495,-15734,-6226,-5867,-11255,-5453
7704,-15719,-7642,-7355,-13314,-6240
7832,-15731,-9149,-9110,-15259,-6936
7800,-15765,-10795,-11101,-17010,-7506
7582,-15889,-12266,-13267,-18586,-7814
7505,-16036,-13316,-15217,-20004,-7622
7381,-16026,-13993,-16972,-20873,-6961
7008,-15980,-14576,-18552,-20816,-5946
6402,-15892,-15020,-19973,-20146,-4688
5939,-15611,-15078,-21253,-19217,-3159
7130,-16864,-10956,-22404,-18271,-1719
6838,-16318,-8506,-21466,-15783,-1585
6951,-15710,-7722,-20441,-14416,-1031
7595,-14959,-7878,-19504,-14457,254
7605,-13799,-8492,-18127,-13430,838
7083,-12750,-8899,-16820,-11501,760
6196,-11697,-9249,-15483,-9592,647
5303,-10640,-9732,-14132,-8219,722
4803,-9635,-10163,-12882,-7357,920
4463,-8708,-10591,-11688,-6546,1067
4172,-7881,-11088,-10547,-5746,1118
3952,-7132,-11591,-9491,-5133,1120
3775,-6457,-12093,-8525,-4710,1095
3677,-5835,-12506,-7659,-4387,1069
3653,-5275,-12815,-6891,-4020,1062
3701,-4775,-13016,-6209,-3527,1086
3848,-4334,-13061,-5616,-2875,1155
4114,-3948,-12919,-5107,-1978,1284
4458,-3654,-12608,-4624,-741,1448
4778,-3483,-12153,-4060,860,1591
5013,-3445,-11657,-3300,2706,1744
5258,-3562,-11117,-2276,4703,1974
5431,-3825,-10680,-788,6914,2239
5490,-4221,-10422,1171,9199,2534
5545,-4788,-10367,3550,11332,2927
5763,-5463,-10400,6186,13475,3686
6136,-6130,-10476,8844,15404,4894
6469,-6797,-10535,11237,17141,6475
6627,-7434,-10465,13355,18703,8195
6435,-8235,-10271,14862,20110,9930
6032,-9258,-9795,15602,21375,11970
5722,-10447,-9235,15860,21684,14050
5580,-11900,-8649,15682,20490,15921
5693,-13525,-8096,15223,18184,17606
6113,-15191,-7616,14675,15205,19122
6841,-16703,-7210,14141,12034,20486
7707,-17758,-6944,13837,9154,21715
8481,-18201,-6863,13791,6935,22424
8951,-18146,-6808,13654,5515,22041
9054,-17881,-6730,13019,4785,20878
8926,-17697,-6514,11983,4042,19061
8748,-17418,-6246,10616,3362,17140
8587,-17243,-5944,8985,2712,15213
8436,-17156,-5628,7342,1944,13224
8278,-17113,-5316,5809,1100,11251
8112,-17113,-4988,4434,175,9333
7975,-17083,-4647,3264,-726,7575
7835,-17026,-4322,2289,-1459,5965
7643,-16933,-4015,1472,-1936,4522
7367,-16859,-3732,808,-2281,3252
7079,-16789,-3408,299,-2663,2201
6888,-16782,-2989,-20,-3070,1400
6648,-16745,-2489,-51,-3261,818
6343,-16664,-1951,83,-3097,332
5985,-16571,-1417,255,-2651,-32
5619,-16464,-962,388,-2043,-250
5256,-16391,-623,410,-1414,-369
5070,-16340,-429,221,-1051,-302
4903,-16295,-254,52,-725,-241
4810,-16252,-210,-157,-435,-148
4726,-16212,-169,-346,-174,-64
4692,-16171,-230,-442,-78,34
4661,-16133,-284,-529,7,124
4662,-16092,-357,-561,41,197
4679,-16042,-447,-558,70,273
4703,-15999,-535,-549,105,354
4727,-15955,-617,-539,129,426
4751,-15916,-689,-542,116,483
4788,-15880,-757,-560,49,515
4835,-15850,-817,-596,-83,504
4904,-15834,-876,-647,-296,446
4989,-15839,-918,-702,-587,338
5091,-15839,-975,-756,-941,178
5197,-15843,-1086,-825,-1363,-50
5316,-15859,-1275,-967,-1999,-507
5424,-15873,-1445,-1096,-2572,-918
5742,-15859,-1778,-1413,-3685,-1639
6028,-15846,-2077,-1699,-4688,-2288
6332,-15839,-2517,-2260,-5848,-3105
6605,-15833,-2914,-2765,-6893,-3840
6932,-15797,-3393,-3518,-7834,-4600
7227,-15764,-3825,-4196,-8681,-5284
7309,-15702,-4436,-5047,-9298,-5887
7383,-15646,-4986,-5813,-9853,-6430
7321,-15569,-5842,-6798,-10752,-6833
7265,-15500,-6613,-7685,-11561,-7196
7258,-15354,-7572,-8865,-12707,-7173
7252,-15223,-8435,-9927,-13737,-7153
7068,-15058,-9528,-11270,-14379,-6979
6825,-14883,-10670,-12684,-14840,-6643
6565,-14708,-11734,-14220,-15191,-6137
6323,-14546,-12684,-15915,-15405,-5422
6066,-14381,-13562,-17601,-15430,-4523
5816,-14227,-14221,-19117,-15280,-3470
5668,-13985,-14680,-20482,-14962,-2281
5746,-13657,-14897,-21711,-14355,-976
6467,-14293,-11236,-22604,-14017,-337
6597,-13946,-10381,-21549,-12850,-407
6878,-13101,-10132,-20584,-12174,296
6999,-12385,-10053,-19721,-11328,1054
6863,-11294,-10355,-18424,-9925,1239
6515,-10339,-10381,-17184,-8446,1219
5775,-9400,-10583,-15813,-7023,1153
5111,-8454,-10797,-14394,-5980,1165
4513,-7601,-10989,-13117,-5041,1176
4264,-6794,-11177,-11801,-4350,1268
4121,-6103,-11420,-10555,-3738,1343
4055,-5489,-11686,-9368,-3216,1403
4075,-4965,-11896,-8272,-2736,1467
4225,-4530,-12018,-7277,-2170,1569
4502,-4177,-12036,-6375,-1372,1729
4828,-3954,-11979,-5502,-261,1878
5094,-3828,-11917,-4541,1212,1974
5286,-3795,-11767,-3468,2865,2051
5571,-3897,-11468,-2256,4522,2210
5874,-4120,-11229,-740,6352,2416
6080,-4442,-11183,1117,8334,2593
6267,-4854,-11111,3154,10199,2912
6554,-5274,-10975,5309,12012,3521
6952,-5641,-10854,7447,14088,4410
7213,-6026,-10792,9491,15956,5341
7317,-6459,-10655,11319,17637,6253
7277,-6951,-10440,12818,19150,7283
7092,-7624,-10108,13860,20512,8617
6827,-8505,-9682,14544,21062,10358
6619,-9585,-9190,14975,20491,12454
6528,-10903,-8699,15208,18986,14485
6675,-12402,-8176,15296,16822,16313
7082,-13934,-7673,15311,14413,17959
7690,-15312,-7217,15314,12235,19440
8321,-16317,-6864,15327,10711,20772
8817,-16899,-6621,15266,9916,21561
9074,-17098,-6419,15039,9659,21449
9000,-17030,-6273,14458,9682,20569
8678,-16984,-6016,13497,9273,19077
8308,-16850,-5711,12243,8360,17387
7979,-16763,-5381,10675,7307,15747
7736,-16757,-5018,8997,6075,14088
7568,-16749,-4694,7403,4755,12421
7479,-16746,-4400,5950,3383,10779
7473,-16709,-4124,4698,2039,9245
7478,-16652,-3860,3665,820,7799
7457,-16551,-3610,2855,-259,6463
7415,-16420,-3376,2218,-1195,5277
7344,-16312,-3147,1676,-1961,4235
7250,-16235,-2926,1197,-2560,3310
7106,-16181,-2716,731,-2913,2496
6900,-16160,-2489,310,-3161,1748
6718,-16136,-2219,-52,-3348,1103
6630,-16188,-1848,-356,-3390,543
6449,-16241,-1410,-446,-3119,79
6119,-16243,-1020,-355,-2526,-332
5726,-16200,-670,-230,-1807,-627
5346,-16134,-404,-160,-1124,-800
5061,-16119,-201,-186,-646,-874
4834,-16120,-73,-238,-380,-875
4660,-16124,0,-311,-283,-837
4541,-16128,35,-382,-301,-766
4473,-16116,20,-431,-345,-681
4428,-16091,-36,-456,-365,-599
4405,-16054,-114,-462,-361,-520
4419,-16006,-193,-452,-337,-430
4458,-15957,-267,-436,-281,-324
4507,-15912,-340,-413,-186,-203
4558,-15870,-412,-388,-64,-70
4604,-15836,-478,-367,67,66
4654,-15805,-535,-352,179,198
4709,-15779,-583,-350,256,317
4778,-15759,-624,-360,295,413
4858,-15747,-658,-380,310,476
4948,-15743,-694,-403,321,497
5046,-15745,-722,-434,357,478
5139,-15754,-739,-481,441,417
5213,-15760,-750,-548,578,315
5260,-15766,-758,-645,744,182
5309,-15783,-761,-781,880,33
5345,-15800,-789,-934,953,-142
5340,-15814,-855,-1102,922,-387
5337,-15811,-1019,-1275,646,-730
5443,-15793,-1352,-1481,-99,-1230
5755,-15802,-1859,-1813,-1374,-1911
6144,-15838,-2536,-2309,-3028,-2736
6589,-15839,-3322,-3001,-4935,-3620
7033,-15812,-4248,-3902,-6974,-4562
7446,-15739,-5238,-5048,-9066,-5462
7807,-15654,-6215,-6446,-11089,-6192
8069,-15556,-7169,-8037,-12846,-6738
8170,-15467,-8140,-9720,-14192,-7119
8113,-15337,-9097,-11416,-15150,-7355
7883,-15219,-9946,-13161,-15845,-7429
7564,-15130,-10748,-14865,-16412,-7244
7246,-15055,-11499,-16503,-16887,-6748
6929,-15007,-12237,-18028,-17158,-6006
6505,-14920,-12970,-19389,-17167,-5104
6188,-14741,-13559,-20644,-17043,-4076
6019,-14449,-13990,-21856,-16684,-2915
5799,-14056,-14367,-22947,-15921,-1675
6165,-14782,-10716,-23582,-15321,-958
5705,-14589,-9392,-22098,-14034,-1176
6245,-13890,-8986,-20722,-13793,-677
6572,-13161,-9035,-19628,-13329,371
6255,-12196,-9535,-18286,-11797,702
5963,-11186,-9845,-17055,-10155,836
5372,-10291,-10110,-15872,-8583,904
4709,-9327,-10467,-14581,-7318,1006
4357,-8440,-10705,-13351,-6473,1173
4073,-7600,-10969,-12129,-5676,1299
3820,-6884,-11339,-10942,-4935,1371
3613,-6242,-11778,-9794,-4398,1406
3485,-5660,-12191,-8726,-4044,1418
3432,-5129,-12552,-7767,-3713,1418
3476,-4656,-12808,-6943,-3277,1425
3656,-4247,-12898,-6259,-2644,1458
3947,-3895,-12836,-5692,-1725,1550
4359,-3652,-12632,-5192,-517,1760
4842,-3566,-12396,-4602,1060,1962
5207,-3588,-12188,-3766,3170,1989
5441,-3768,-11944,-2634,5603,1825
5630,-4055,-11691,-1173,8084,1656
5796,-4431,-11413,633,10321,1588
5979,-4853,-11237,2735,12299,1684
6163,-5230,-11146,4964,14329,2042
6308,-5580,-10994,7029,16173,2716
6382,-5995,-10847,8910,17832,3685
6303,-6528,-10654,10664,19326,4940
6143,-7149,-10386,12230,20420,6530
5992,-7871,-10028,13578,20558,8434
5955,-8797,-9720,14713,19921,10556
6072,-10016,-9403,15627,18696,12777
6430,-11461,-9111,16347,17096,14776
7067,-12959,-8738,16858,15426,16575
7830,-14307,-8365,17151,14098,18195
8529,-15400,-8028,17171,13304,19652
9083,-16078,-7777,16973,12985,20758
9391,-16337,-7554,16509,12923,20973
9327,-16337,-7329,15612,12943,20292
8961,-16291,-7043,14170,12709,18976
8442,-16334,-6681,12552,11435,17224
8085,-16264,-6267,10892,9237,15466
7983,-16275,-5820,9094,6853,13736
7956,-16397,-5331,7321,4762,11945
7958,-16536,-4857,5798,3113,10148
7944,-16627,-4394,4628,1882,8401
7894,-16615,-3946,3819,1060,6853
7764,-16519,-3508,3259,576,5581
7557,-16353,-3115,2896,278,4575
7323,-16161,-2780,2636,48,3860
7142,-16004,-2495,2415,-207,3429
7038,-15919,-2261,2217,-461,3202
6970,-15908,-2079,2061,-640,3060
6908,-15940,-1931,1957,-722,2936
6837,-15985,-1804,1895,-687,2780
6735,-16026,-1686,1842,-531,2553
6586,-16048,-1558,1768,-269,2246
6392,-16054,-1415,1639,78,1863
6177,-16060,-1264,1450,483,1410
5974,-16065,-1110,1215,907,914
5786,-16077,-956,958,1303,417
5573,-16083,-830,730,1642,-35
5332,-16055,-706,532,1909,-415
5087,-15998,-591,355,2099,-712
4845,-15945,-489,183,2198,-931
4638,-15888,-415,27,2143,-1064
4506,-15831,-360,-112,1887,-1109
4471,-15785,-323,-240,1479,-1098
4509,-15758,-287,-354,1043,-1034
4564,-15743,-246,-438,689,-933
4631,-15706,-205,-479,442,-793
4690,-15687,-170,-507,300,-649
4750,-15673,-148,-524,209,-514
4830,-15675,-129,-542,139,-377
4944,-15695,-113,-556,101,-258
5083,-15706,-108,-552,150,-167
5213,-15720,-99,-534,312,-118
5320,-15717,-101,-486,565,-124
5373,-15701,-107,-447,895,-179
5390,-15674,-91,-455,1267,-249
5388,-15643,-84,-530,1621,-306
5437,-15633,-138,-697,1801,-359
5571,-15622,-251,-902,1693,-459
5690,-15664,-554,-1188,1234,-780
6021,-15675,-952,-1575,176,-1333
6550,-15709,-1546,-2107,-1345,-2126
7203,-15754,-2262,-2796,-3138,-3101
7806,-15768,-3125,-3575,-5032,-4247
8219,-15728,-4218,-4472,-7079,-5492
8451,-15644,-5587,-5551,-9567,-6667
8621,-15553,-7203,-6956,-11887,-7614
8931,-15513,-8810,-8765,-13975,-8158
9241,-15559,-10239,-10918,-15854,-8429
9271,-15649,-11540,-13103,-17545,-8488
9019,-15776,-12604,-15069,-19067,-8283
8728,-15892,-13360,-16839,-20268,-7707
8410,-15876,-13828,-18432,-20749,-6743
7983,-15754,-14127,-19865,-20531,-5482
7643,-15637,-14115,-21156,-19724,-4044
7754,-16237,-10774,-21498,-18392,-3590
7470,-15656,-9499,-20294,-16239,-3620
8062,-14958,-9027,-19480,-15761,-2456
8082,-14060,-9249,-18462,-14882,-1283
7650,-12940,-9733,-17215,-13258,-854
7140,-11925,-9911,-16078,-11448,-665
6212,-10989,-10085,-14862,-9540,-592
5265,-10019,-10394,-13557,-8004,-437
4831,-9119,-10623,-12378,-7078,-93
4525,-8278,-10947,-11238,-6248,213
4304,-7537,-11322,-10162,-5454,427
4173,-6881,-11666,-9174,-4775,576
4120,-6291,-11941,-8260,-4164,686
4169,-5768,-12108,-7435,-3513,808
4315,-5306,-12104,-6714,-2705,1022
4554,-4930,-11923,-6074,-1615,1318
4838,-4687,-11567,-5410,-171,1625
5055,-4577,-11133,-4582,1640,1949
5233,-4607,-10669,-3487,3678,2295
5382,-4781,-10261,-2009,5880,2699
5481,-5067,-9950,-111,8173,3173
5523,-5525,-9794,2183,10359,3718
5665,-6123,-9772,4707,12600,4567
5916,-6728,-9882,7356,14617,5798
6241,-7423,-9961,9734,16432,7448
6537,-8228,-9982,11819,18065,9427
6608,-9178,-9729,13581,19536,11548
6644,-10109,-9394,14849,20859,13670
6413,-11285,-8885,15549,21722,15580
6349,-12347,-8304,15815,21603,17298
6012,-13642,-7872,15721,20515,18845
6005,-14906,-7454,15237,18049,20237
6395,-15999,-7014,14574,14655,21394
6925,-16837,-6653,13948,11221,22136
7522,-17325,-6373,13484,8271,22383
8031,-17520,-6129,12975,6169,22036
8315,-17514,-5912,12323,4959,21087
8313,-17427,-5704,11490,4298,19610
8118,-17328,-5493,10469,3835,17855
7874,-17234,-5255,9296,3294,16082
7657,-17156,-5001,8068,2568,14328
7481,-17081,-4748,6867,1687,12570
7345,-16998,-4515,5733,722,10874
7252,-16913,-4279,4686,-278,9318
7202,-16813,-4042,3761,-1220,7896
7160,-16682,-3816,2967,-2004,6596
7120,-16548,-3594,2275,-2580,5441
7045,-16444,-3371,1662,-2966,4441
6954,-16342,-3164,1133,-3199,3586
6842,-16267,-2978,644,-3280,2822
6670,-16260,-2783,179,-3273,2106
6532,-16287,-2570,-195,-3323,1448
6443,-16340,-2268,-463,-3326,873
6337,-16409,-1872,-609,-3079,341
6271,-16469,-1481,-582,-2532,-164
6087,-16444,-967,-414,-1641,-606
5694,-16416,-602,-201,-338,-1149
5146,-16337,-307,-66,973,-1598
4578,-16268,-62,-62,1934,-1782
4139,-16219,148,-178,2408,-1734
3848,-16171,267,-359,2432,-1552
3657,-16162,246,-554,1925,-1313
3689,-16154,241,-723,922,-1050
3824,-16116,190,-820,-175,-820
3969,-16068,115,-876,-1081,-632
4152,-16025,29,-885,-1741,-459
4350,-15985,-33,-857,-2134,-317
4480,-15951,-113,-805,-2296,-206
4535,-15930,-201,-757,-2379,-99
4561,-15922,-293,-710,-2529,-2
4623,-15905,-386,-663,-2806,64
4717,-15880,-473,-632,-3180,88
4820,-15857,-568,-620,-3601,55
4930,-15841,-685,-620,-4053,-34
5072,-15818,-813,-630,-4517,-173
5235,-15781,-963,-658,-4913,-384
5398,-15752,-1148,-723,-5225,-694
5574,-15745,-1361,-837,-5524,-1084
5769,-15736,-1597,-987,-5849,-1522
5967,-15717,-1844,-1178,-6168,-1990
6160,-15690,-2106,-1417,-6454,-2466
6331,-15653,-2387,-1710,-6725,-2946
6480,-15614,-2708,-2065,-7019,-3423
6593,-15573,-3109,-2490,-7378,-3910
6665,-15548,-3700,-2992,-7883,-4433
6790,-15519,-4453,-3610,-8678,-4983
6992,-15475,-5291,-4425,-9771,-5452
7255,-15419,-6187,-5427,-10966,-5861
7482,-15337,-7171,-6583,-12003,-6271
7569,-15237,-8271,-7869,-12817,-6705
7530,-15148,-9388,-9352,-13593,-7052
7382,-15064,-10592,-11041,-14478,-7202
7071,-15018,-11763,-12929,-15593,-7102
6781,-15019,-12671,-14913,-16917,-6681
6618,-14970,-13324,-16698,-18098,-5918
6422,-14848,-13758,-18305,-18750,-4891
6145,-14643,-14010,-19751,-18799,-3645
5850,-14302,-14076,-21053,-18366,-2239
6905,-14816,-11950,-22224,-17649,-848
6920,-14983,-10071,-20757,-15173,-1212
6163,-14069,-9647,-18773,-12822,-1577
7178,-13628,-9717,-17878,-13456,-833
7590,-12620,-10172,-16608,-13839,46
7276,-11586,-10549,-15419,-13102,381
6728,-10648,-10813,-14402,-11546,392
5752,-9705,-11206,-13340,-9604,308
4881,-8744,-11553,-12306,-8106,332
4428,-7866,-11752,-11342,-7207,480
4117,-7089,-11965,-10376,-6459,589
3882,-6456,-12200,-9438,-5742,629
3713,-5939,-12425,-8539,-5082,637
3663,-5485,-12550,-7696,-4454,666
3743,-5074,-12518,-6943,-3740,755
3956,-4710,-12327,-6284,-2796,937
4217,-4464,-12030,-5648,-1580,1222
4610,-4362,-11553,-4899,-87,1639
4996,-4407,-11141,-3775,1878,2034
5269,-4583,-10852,-2191,4279,2281
5410,-4902,-10780,-147,6963,2424
5454,-5333,-10790,2222,9544,2640
5552,-5869,-10835,4784,11866,3165
5768,-6397,-10802,7343,13956,4152
5952,-6992,-10790,9769,15837,5477
6019,-7664,-10678,11893,17530,7128
5936,-8433,-10363,13588,19054,9046
5653,-9384,-9921,14712,20425,11146
5277,-10531,-9359,15260,21491,13308
5012,-11879,-8757,15373,21137,15254
4983,-13421,-8162,15108,19558,17005
5310,-14982,-7591,14631,17113,18582
5930,-16353,-7065,14082,14359,20000
6688,-17346,-6614,13623,11818,21277
7354,-17858,-6334,13325,9855,21893
7720,-17961,-6157,12982,8447,21526
7835,-17908,-5884,12438,7172,20352
7759,-17737,-5627,11533,6282,18863
7586,-17597,-5317,10260,5632,17258
7419,-17504,-4977,8834,4907,15559
7294,-17423,-4641,7413,4068,13801
7215,-17350,-4336,6072,3162,12040
7194,-17230,-4071,4869,2253,10355
7193,-17100,-3817,3812,1346,8791
7185,-16957,-3587,2948,439,7376
7181,-16808,-3364,2274,-494,6115
7164,-16671,-3143,1741,-1388,4971
7105,-16542,-2955,1289,-2112,3928
7014,-16443,-2780,838,-2611,2984
6901,-16403,-2610,358,-2882,2110
6752,-16399,-2445,-100,-3035,1274
6599,-16399,-2282,-537,-3101,508
6439,-16456,-2081,-956,-3091,-215
6330,-16539,-1828,-1262,-2996,-910
6065,-16564,-1515,-1388,-2689,-1537
5863,-16575,-1172,-1431,-2260,-2055
5611,-16554,-838,-1389,-1654,-2435
5200,-16471,-601,-1298,-919,-2723
4787,-16332,-453,-1252,-318,-2901
4538,-16256,-329,-1324,-37,-2951
4378,-16222,-242,-1420,12,-2903
4245,-16167,-179,-1476,-73,-2770
4176,-16097,-140,-1482,-241,-2535
4147,-16016,-137,-1433,-406,-2255
4155,-15939,-171,-1342,-544,-1947
4214,-15890,-229,-1226,-662,-1597
4287,-15848,-301,-1085,-759,-1216
4378,-15811,-377,-945,-822,-794
4496,-15795,-457,-804,-809,-374
4615,-15788,-534,-650,-716,0
4700,-15781,-614,-490,-563,320
4759,-15770,-695,-349,-398,600
4812,-15765,-775,-248,-258,841
4866,-15765,-846,-188,-155,1034
4920,-15763,-909,-160,-94,1177
4979,-15762,-958,-156,-60,1266
5025,-15762,-999,-165,-41,1296
5063,-15757,-1032,-185,-44,1276
5094,-15754,-1052,-218,-72,1220
5121,-15747,-1064,-258,-122,1138
5144,-15742,-1067,-306,-187,1036
5158,-15738,-1064,-357,-254,918
5166,-15731,-1054,-407,-315,784
5169,-15727,-1037,-460,-357,640
5164,-15730,-1013,-512,-373,488
5148,-15733,-984,-557,-360,340
5124,-15738,-942,-593,-321,204
5089,-15739,-896,-615,-259,83
5039,-15739,-847,-626,-176,-21
4979,-15742,-798,-631,-91,-105
4915,-15738,-760,-626,-27,-171
4871,-15737,-744,-628,-7,-216
4848,-15764,-770,-650,-100,-243
4812,-15784,-894,-685,-397,-302
4759,-15803,-1155,-775,-1079,-466
4747,-15816,-1597,-965,-2422,-782
4901,-15828,-2295,-1330,-4562,-1321
5306,-15869,-3275,-1930,-7382,-2075
5907,-15920,-4435,-2793,-9921,-2928
6561,-16011,-5706,-3891,-12205,-3872
7080,-16098,-7082,-5172,-14262,-4932
7334,-16151,-8594,-6668,-16112,-5963
7404,-16191,-10170,-8461,-17778,-6728
7523,-16236,-11578,-10597,-19276,-7006
7662,-16264,-12633,-12814,-20626,-6906
7542,-16244,-13504,-14809,-21386,-6497
7156,-16248,-14253,-16605,-21343,-5807
6675,-16261,-14746,-18221,-20890,-4858
6293,-16124,-14962,-19676,-20187,-3679
5983,-15814,-14815,-20985,-19158,-2332
7387,-16887,-11217,-22163,-17786,-1645
5614,-16199,-10430,-20639,-14255,-2418
6171,-15450,-9509,-19767,-13496,-2207
6998,-14485,-9155,-19089,-13150,-1245
6711,-13376,-9597,-18103,-11724,-459
6197,-12243,-9966,-17122,-10333,-47
5733,-11155,-10158,-16067,-8976,64
4928,-10136,-10413,-14802,-7482,-24
4171,-9125,-10558,-13458,-6413,-47
3854,-8196,-10621,-12184,-5858,64
3706,-7381,-10819,-10946,-5369,201
3593,-6689,-11105,-9762,-4800,302
3554,-6079,-11330,-8663,-4199,378
3592,-5527,-11405,-7652,-3528,461
3717,-5025,-11284,-6714,-2725,612
3961,-4623,-10960,-5802,-1747,869
4233,-4355,-10562,-4810,-499,1256
4505,-4224,-10114,-3611,1009,1772
4728,-4277,-9745,-2037,2852,2297
4874,-4462,-9497,13,5079,2777
4938,-4793,-9320,2463,7639,3224
4963,-5282,-9261,5206,10152,3797
5024,-5973,-9278,7962,12413,4790
5166,-6914,-9466,10443,14449,6401
5373,-8033,-9535,12675,16281,8710
5544,-9317,-9423,14684,17929,11116
5709,-10823,-9090,16472,19413,13281
5915,-12584,-8615,17648,20748,15230
6150,-14376,-8111,18180,21950,16983
6379,-15961,-7567,18091,22759,18562
6370,-17056,-7433,17664,22725,19982
6404,-17719,-7281,16789,20867,21096
6565,-18072,-6883,15816,17128,21170
6901,-17977,-6487,14870,13092,20497
7077,-17778,-6171,13472,10145,19070
6973,-17826,-5801,11571,8225,17094
6875,-17775,-5452,9703,6622,15078
6789,-17737,-5146,7905,5391,13233
6730,-17706,-4814,6309,4283,11520
6719,-17590,-4489,5072,3183,9975
6750,-17437,-4152,4082,2168,8687
6768,-17268,-3830,3283,1297,7637
6725,-17044,-3579,2708,513,6695
6626,-16800,-3410,2285,-253,5847
6554,-16598,-3269,1916,-1087,5129
6527,-16484,-3132,1580,-1921,4486
6520,-16436,-3001,1285,-2630,3829
6496,-16421,-2879,1009,-3103,3105
6453,-16424,-2771,701,-3303,2330
6394,-16454,-2641,323,-3278,1561
6337,-16500,-2474,-115,-3026,826
6230,-16577,-2272,-569,-2567,62
6125,-16659,-2046,-942,-2027,-729
6010,-16750,-1772,-1195,-1362,-1462
5712,-16755,-1482,-1253,-519,-2184
5415,-16715,-1258,-1255,287,-2891
5157,-16606,-1075,-1286,924,-3415
4790,-16483,-959,-1369,1402,-3863
4466,-16343,-924,-1498,1536,-4212
4269,-16201,-900,-1662,1263,-4366
4168,-16092,-894,-1838,729,-4383
4147,-15998,-897,-1966,90,-4255
4193,-15906,-914,-2010,-501,-4005
4275,-15821,-937,-1960,-907,-3675
4360,-15748,-964,-1829,-1049,-3284
4416,-15694,-999,-1634,-949,-2857
4445,-15665,-1035,-1411,-692,-2393
4455,-15655,-1076,-1180,-367,-1900
4451,-15644,-1124,-956,-45,-1399
4462,-15631,-1167,-760,225,-899
4496,-15621,-1209,-603,437,-414
4529,-15589,-1343,-483,568,37
4502,-15545,-1602,-439,398,445
4513,-15514,-1860,-520,-348,819
4714,-15578,-2077,-766,-1645,1161
5152,-15697,-2255,-1103,-3166,1372
5622,-15771,-2518,-1408,-4478,1398
6008,-15764,-2871,-1639,-5385,1196
6283,-15765,-3313,-1868,-5959,747
6459,-15794,-3805,-2140,-6405,150
6518,-15819,-4383,-2488,-6878,-560
6527,-15847,-5106,-3006,-7575,-1331
6547,-15922,-5955,-3780,-8616,-2088
6494,-16043,-6854,-4833,-9934,-2759
6376,-16174,-7806,-6128,-11405,-3334
6242,-16295,-8739,-7664,-12923,-3772
6217,-16366,-9585,-9395,-14378,-3933
6237,-16376,-10291,-11275,-15393,-3893
6027,-16312,-10847,-13182,-15761,-3735
5756,-16108,-11236,-15040,-15696,-3388
5478,-15829,-11512,-16812,-15289,-2912
5115,-15549,-11859,-18389,-14641,-2323
4732,-15254,-12058,-19761,-13921,-1572
4405,-14872,-12080,-20886,-13143,-686
4226,-14403,-12047,-21754,-12299,270
4061,-13923,-12044,-22350,-11340,1222
3839,-13370,-12011,-22643,-10316,2108
3648,-12711,-11889,-22700,-9299,2914
3484,-12395,-10795,-22172,-8624,3212
3758,-11669,-10142,-20630,-8193,3087
4064,-10806,-10106,-18890,-7715,2887
4312,-10012,-10177,-17447,-7249,2866
4203,-9191,-10585,-16068,-6552,2838
3877,-8427,-11093,-14777,-5865,2746
3570,-7722,-11474,-13559,-5283,2633
3251,-7046,-11767,-12345,-4690,2497
2961,-6419,-12015,-11171,-4122,2371
2751,-5852,-12276,-10067,-3624,2262
2617,-5347,-12575,-9042,-3190,2155
2563,-4891,-12869,-8100,-2794,2038
2549,-4474,-13125,-7244,-2390,1909
2557,-4100,-13300,-6472,-1965,1776
2659,-3764,-13319,-5786,-1485,1668
2862,-3478,-13157,-5156,-842,1585
3084,-3291,-12896,-4514,7,1501
3289,-3229,-12668,-3778,998,1427
3511,-3290,-12475,-2873,2065,1359
3700,-3429,-12292,-1707,3275,1265
3871,-3649,-12048,-263,4520,1082
4069,-3967,-11832,1452,5843,869
4292,-4375,-11852,3429,7498,756
4602,-4867,-11899,5488,9627,859
4960,-5381,-11917,7572,11941,1222
5299,-5879,-11922,9542,14023,1832
5467,-6411,-11888,11380,15898,2625
5664,-6970,-11731,12962,17585,3729
5929,-7579,-11430,14183,19032,5105
6092,-8237,-11020,15029,19803,6610
6119,-8922,-10578,15533,19933,8202
6127,-9717,-10095,15705,19385,9853
6184,-10654,-9575,15639,18229,11530
6323,-11673,-9050,15447,16669,13186
6543,-12716,-8542,15201,14943,14730
6836,-13710,-8057,14938,13285,16076
7137,-14565,-7618,14677,11907,17111
7409,-15232,-7231,14377,10886,17731
7687,-15730,-6847,13989,10158,17908
7775,-16025,-6528,13514,9627,17627
7671,-16193,-6238,12905,8849,16855
7535,-16243,-5945,12150,7635,15844
7448,-16245,-5630,11110,6347,14816
7382,-16269,-5299,9839,5280,13715
7273,-16307,-4984,8493,4445,12491
7159,-16332,-4692,7186,3668,11213
7075,-16357,-4405,5971,2892,9957
6993,-16379,-4131,4915,2130,8711
6887,-16359,-3873,4048,1382,7487
6763,-16298,-3618,3350,627,6327
6653,-16205,-3351,2760,-117,5290
6553,-16126,-3040,2234,-803,4387
6454,-16085,-2684,1784,-1324,3598
6332,-16085,-2303,1441,-1584,2907
6134,-16118,-1909,1224,-1538,2294
5833,-16119,-1551,1124,-1264,1721
5548,-16121,-1267,1052,-936,1192
5336,-16137,-1009,935,-655,792
5191,-16147,-807,775,-357,496
5033,-16139,-658,576,-15,228
4878,-16113,-565,306,332,-19
4752,-16101,-513,34,509,-236
4679,-16087,-474,-200,551,-417
4608,-16061,-445,-380,573,-579
4507,-16023,-422,-508,632,-696
4393,-15972,-401,-579,699,-757
4289,-15918,-397,-617,763,-745
4202,-15881,-400,-639,795,-692
4150,-15850,-417,-638,788,-600
4127,-15844,-427,-635,766,-485
4115,-15847,-437,-620,742,-374
4111,-15841,-450,-597,709,-277
4125,-15837,-452,-583,663,-187
4159,-15836,-442,-578,615,-108
4203,-15833,-426,-576,579,-44
4254,-15829,-402,-578,558,8
4309,-15817,-374,-579,556,50
4359,-15798,-345,-583,567,83
4385,-15765,-350,-601,574,104
4389,-15740,-442,-657,509,94
4428,-15749,-633,-776,203,32
4596,-15786,-919,-952,-500,-116
4987,-15854,-1349,-1198,-1629,-456
5566,-15974,-1948,-1583,-3032,-1009
6163,-16066,-2619,-2126,-4480,-1726
