,Mean-accX,Range-accX,Var-accX,Median-accX,Mean-accY,Range-accY,Var-accY,Median-accY,Mean-accZ,Range-accZ,Var-accZ,Median-accZ,Mean-gyroX,Range-gyroX,Var-gyroX,Median-gyroX,Mean-gyroY,Range-gyroY,Var-gyroY,Median-gyroY,Mean-gyroZ,Range-gyroZ,Var-gyroZ,Median-gyroZ,label
0,6834.73,36866,96471611.77484849,10362.5,-2389.1,16045,27877918.67676768,-1613.5,7336.88,16164,16936586.24808081,8513.5,689.69,22978,49488024.23626262,289.0,1352.94,15054,12134995.430707071,772.5,-6707.86,49066,213124736.38424245,-3424.0,1
0,10920.68,35976,94253317.06828284,14637.0,-5737.59,14093,19049475.335252527,-5455.5,4127.39,15078,18131248.05848485,4570.0,2784.13,32112,87022113.95262626,1232.0,-1708.45,31857,66744735.785353534,-149.0,-1406.13,50920,273842082.51828283,1911.0,1
0,9782.36,36966,83431887.60646464,12867.0,-6550.37,18225,29104846.639494948,-6281.5,4605.87,14790,15792767.427373739,5033.5,5478.55,32966,109888961.42171717,-467.5,-772.82,26907,57031651.825858586,144.0,-746.93,51002,245293172.34858584,3183.5,1
0,10063.45,32678,72742556.67424242,12103.0,-4550.55,16984,21718789.07828283,-3807.0,6230.84,14716,16259309.650909092,7384.5,3345.41,34325,109425266.06252524,-2138.5,-2107.7,20305,26192237.060606066,-1440.0,-990.45,48388,219994293.86616158,573.5,1
0,9316.74,32154,68956814.21454546,11630.5,-5900.7,16707,22460901.32323232,-4850.0,6506.54,19381,28406939.907474745,7657.5,3260.69,39642,169433124.27666667,-3876.0,-1037.8,24294,44857599.03030303,-720.0,971.46,45890,178796193.34181815,2354.0,1
0,11010.03,35144,67600776.11020201,10559.0,-4857.23,16495,18597745.087979794,-4040.0,5618.76,20374,24350510.022626262,6961.5,1076.5,29298,75434017.74747474,-2159.5,-3191.48,24783,46636687.38343434,-4053.0,-1435.21,48711,206595398.53121212,-249.5,1
0,9529.72,33075,76054981.59757577,10867.0,-3914.04,23852,31503751.210505046,-3177.5,5943.4,25684,46274677.030303024,7622.0,3848.8,35705,136175483.43434346,-689.0,-734.59,31911,44670578.708989896,-993.5,-2615.88,48944,259348689.21777776,768.0,1
0,-3901.02,34350,84405362.58545455,-7359.0,7565.45,16885,20773019.785353538,7827.5,5247.55,12628,8597607.462121211,5133.0,-129.18,17809,16175392.97737374,-316.0,957.38,13693,9596274.460202022,965.5,-5033.96,44932,131795372.68525253,-5999.0,1
0,182.24,37377,156719518.91151515,8479.0,6645.77,15626,15542816.74454545,6833.5,5952.95,13294,10343709.664141415,5285.0,-1856.57,13707,13777826.995050507,-1611.5,-1081.69,17558,18897108.620101005,428.5,1686.0,32998,85148176.26262626,-1633.0,1
0,6629.45,35918,70809725.96717171,8061.0,5126.81,24601,57122258.68070707,2662.0,5311.44,17512,17645546.632727273,6456.0,-3504.61,20836,30708436.401919186,-3007.5,435.12,34013,76144360.85414143,605.5,2617.87,40883,135213195.26575756,-787.0,1
0,9568.09,30405,59807395.21404042,10988.5,-4108.86,16297,26696592.768080804,-2713.5,6335.89,20399,30247025.55343435,7807.5,1600.94,35372,140811927.9761616,-2354.0,-2546.22,18494,25073345.324848477,-2608.5,193.32,47282,195863036.90666673,2304.0,1
0,9719.38,31162,69782776.60161616,10122.5,-2606.18,18113,25227133.219797973,-556.5,6599.43,20227,28734926.308181822,8237.5,1517.29,33732,117888718.75343435,-2991.5,-2054.6,22339,41185552.78787879,-1378.5,-587.77,51641,243805018.03747475,2471.0,1
0,2234.03,25356,33089918.049595963,2007.0,11152.23,13594,16145404.764747474,12601.5,2960.37,21847,47955498.84151515,4635.5,-1536.02,35593,96699625.71676767,-2969.5,2516.69,8619,4202146.983737374,2414.0,1395.13,35124,100592162.98292929,-1448.5,1
0,4508.51,27446,99023503.84838383,5072.5,3889.82,6402,3230952.169292929,4088.0,2048.61,29158,97317890.72515152,945.0,-2212.89,49176,245015062.50292933,738.5,-2097.46,24930,50471896.97818182,-276.5,4619.04,44201,159893580.92767677,5281.5,1
0,1430.32,17555,25165213.128888886,2036.0,5635.88,5863,2500768.0258585857,6088.0,-1581.38,34939,171748798.41979796,-3224.5,-2860.42,57956,324416975.619798,-4872.5,-2146.31,24364,66087164.53929293,305.0,7020.77,21132,27222673.633434333,5633.5,1
0,-329.18,10387,9522969.805656563,760.5,5779.25,6287,4171976.3308080807,6102.0,-1578.38,34954,171985284.3389899,-4357.5,-3606.49,58036,357721447.88878787,-5037.0,34.17,24276,43072008.425353535,1555.0,6641.81,19287,17797686.519090913,5116.5,1
0,-876.16,14585,23438757.02464646,-1179.0,5997.85,6873,5676622.25,6247.0,491.21,33451,159004456.8342424,953.5,-3134.29,55309,316077053.0564646,-3335.5,-3.2,23434,39296403.97979798,572.5,5190.93,22353,42891060.99505051,4093.5,1
0,-751.95,14382,20376906.411616158,118.0,5944.05,8451,8228012.795454544,6452.0,200.12,32935,158883518.67232326,2179.0,-3223.81,55493,319696511.79181814,-2409.0,-275.32,21426,39965318.07838384,1814.0,5916.15,22187,33891718.79545455,4340.5,1
0,225.21,11232,13062365.985757574,1574.0,6077.01,7476,5008628.05040404,6552.5,298.66,34073,181300930.83272725,920.0,-1947.9,56332,312290952.7777778,-3197.0,-368.92,18424,36301520.21575757,365.5,5698.08,13979,14318426.054141415,4053.0,1
0,3167.54,5232,2914705.0387878786,2463.0,7636.35,6488,2683766.9974747477,7758.0,-1794.4,34352,166182070.4848485,-4282.0,-545.37,54586,303302013.08393943,-262.5,-138.1,18898,35785934.333333336,-160.0,2929.89,7761,3211134.442323233,2629.5,1
0,2822.51,4087,1457895.868585859,2550.0,7085.62,7148,3225374.722828282,6533.5,-734.73,36641,178448465.35060605,-331.0,-542.91,55858,326911622.9514141,-1354.0,408.63,19253,31114312.235454544,203.5,2818.85,7046,3683215.6439393945,2912.5,1
0,1866.52,7988,6040865.585454546,1487.5,6469.88,5681,2340375.3793939394,6275.0,-1131.37,36716,184536360.61929294,-1098.0,34.65,55804,340439807.90656567,-543.0,-568.9,17758,25779332.232323233,-57.5,4718.14,5605,2951773.5761616165,4631.0,1
0,3180.49,6037,3516946.2322222223,3028.5,7299.11,5654,1849937.896868687,6860.0,-1213.71,35584,177631505.8039394,-1403.5,684.41,56194,301686526.81,1891.0,373.16,21953,43841924.43878788,1859.5,3068.37,6731,4283912.65969697,2707.5,1
0,3255.8,5300,2848899.05050505,2804.0,7226.46,6324,2611975.604444444,6806.5,-2446.8,35636,172434999.55555558,-4130.0,794.81,52257,274594563.1453535,-8.5,441.48,19190,29278304.050101012,1473.5,2937.13,5817,2346251.7304040403,2820.0,1
0,4390.86,9312,8495250.121616162,3425.0,7663.85,4644,1721754.0479797982,7315.0,379.7,35179,168347277.12121212,2363.5,416.03,51656,270709080.33242434,628.0,-178.15,24987,43860730.95707071,401.0,3260.17,10444,7834492.829393938,2387.0,1
0,2724.22,35483,98314819.40565656,3682.5,9450.09,5931,2621490.224141414,10118.5,2970.88,16677,29090824.53090909,2036.5,-264.39,18342,21563122.94737374,-8.0,3989.4,21684,37736599.21212121,1889.5,-4574.27,42103,140834665.85565656,-5146.0,1
0,-3907.66,24893,85164089.74181817,-3876.5,10556.92,8794,4609617.831919192,11102.5,3892.77,14168,26786311.73444444,3250.0,675.95,16038,16773617.845959596,2409.0,1105.92,14362,11503708.175353536,787.0,-660.43,34027,90609233.43949495,-3797.5,1
0,-3836.99,24027,78382216.29282829,-1563.5,11127.42,6385,2212498.347070707,11260.0,4818.37,11990,21367986.821313128,4629.0,24.17,14824,16532854.243535355,1950.5,73.98,9633,5962871.676363634,441.5,1248.28,31529,92761513.43595959,1215.5,1
0,-1136.59,25863,83463464.32515152,3086.5,9679.62,6513,2986569.6521212123,9986.0,5595.45,10777,14958428.310606059,6271.0,-834.27,15973,22979388.683939394,-330.0,388.74,9833,3888907.164040405,50.0,3003.89,37480,151656330.19989896,3491.0,1
0,-1202.93,27705,101351417.80313134,3505.0,10093.46,8032,3646902.6549494946,10664.0,4582.38,9986,11685847.571313128,5911.5,-177.76,10750,6987822.770101012,449.5,-377.74,7643,5450732.719595959,-879.5,-1077.06,39624,125309962.88525254,-4348.0,1
0,-3245.3,25848,76478567.54545455,-1999.0,11127.33,8765,3463107.8596969694,11703.0,4428.51,8514,6116606.313030303,3678.0,-336.55,9993,5403154.856060606,418.5,1127.9,9254,6900820.454545453,808.5,-2296.51,35727,117830590.61606063,-5267.0,1
0,-4729.16,25050,87873248.31757578,-9198.5,11624.11,7945,4242269.513030304,11756.5,3233.49,9721,10237221.525151514,2264.0,-770.97,9254,5916487.362727271,284.0,-163.51,10032,7770916.8584848475,-716.5,163.09,37290,104641753.88070707,-2577.5,1
0,-1200.99,25900,81773256.13121213,2385.0,10155.99,7036,3909111.464545455,10325.0,4932.56,9025,7086121.279191919,4818.5,-1293.19,10837,8618467.953434343,-1071.0,222.57,9642,4717551.702121211,197.0,2625.46,38064,143090672.10949495,2507.5,1
0,-1305.13,24579,90498467.30616161,3092.0,10815.04,5926,2314564.7256565653,11361.5,3661.16,10029,14204717.792323235,5214.5,-138.4,9951,5192232.666666667,654.0,92.05,16796,15296023.563131314,-1006.5,-1380.8,37845,110061399.65656565,-3599.0,1
0,-4835.9,21287,60003404.03030303,-5498.5,10987.14,9836,4831924.6872727275,10949.5,4027.25,12322,16124916.33080808,3056.0,-654.93,15025,15729637.136464646,663.0,1111.97,11401,10832989.100101013,667.0,-1505.41,35907,95715399.05242422,-1848.0,1
0,-5552.48,24200,75120028.67636366,-7389.5,11289.05,8310,4846777.21969697,11952.0,3113.93,14736,20867051.47989899,1520.0,272.59,12758,8971633.153434345,1328.0,1186.7,15767,13848101.1010101,-3.0,-529.28,28811,63013802.95111111,-2271.5,1
0,-3836.54,24033,69066305.54383838,-3481.0,10265.79,9733,6889809.904949496,10272.0,3842.97,15598,21453141.988989897,2970.5,-719.94,15555,19219797.733737376,1384.0,-272.51,12475,11779315.403939392,-86.0,3253.95,32754,107942725.09848487,376.5,1
0,-1496.09,23115,74900487.43626264,411.5,11256.19,8650,5400700.135252526,10464.5,4895.21,12599,19172743.379696973,5513.0,-690.18,13870,13710268.856161617,408.5,459.02,10312,9773371.817777779,156.0,1071.66,31312,79963053.72161618,-2403.0,1
0,2726.22,25274,63067250.57737376,3869.5,-609.44,23076,74418878.53171718,-1685.0,7397.1,28295,61005708.737373725,9822.5,6701.08,38377,128653550.68040405,12622.0,-223.66,27134,48831845.98424244,-181.5,824.69,29633,67114475.85242425,185.0,1
0,-2213.95,20084,34867610.67424242,-17.5,4841.59,24067,66837477.96151515,8892.0,8007.9,31095,76592145.74747476,11347.0,4179.0,28143,56487273.5959596,7051.5,618.51,22640,28472196.85848485,1499.5,863.31,27784,59019907.87262627,-2030.0,1
0,-1052.04,20232,41574718.72565656,1837.5,6011.79,23154,58305120.24838385,9555.0,9918.73,26960,44401065.855656564,13478.5,4707.52,22494,21559281.06020202,5838.5,2107.29,20145,30003779.298888884,634.5,-2470.12,19793,32618335.035959594,-4934.5,1
0,5367.11,27870,58599085.83626263,4829.0,-8158.98,25144,29946717.635959595,-8635.5,8181.09,32014,77111002.44636364,11582.0,3578.41,46302,233443036.3655556,-162.5,-3319.16,36835,115248999.97414143,-4805.5,648.85,44950,210242357.21969694,2927.0,1
0,5117.04,24589,45630761.9579798,4805.0,-9920.47,20427,30324254.211212125,-11208.5,7291.44,37540,110960324.7741414,10557.5,4746.65,43944,252282036.65404034,-2927.0,-3653.06,34156,94519040.56202021,-4528.5,1528.46,37722,134635798.81656563,3168.5,1
0,4611.39,24313,40732409.108989894,4454.0,-10027.59,19940,24905954.789797977,-10464.5,9200.47,32993,82357369.36272728,12240.0,3918.53,45428,246447986.73646468,-2633.5,-3062.61,29935,79879104.96757576,-3382.0,-722.95,42940,155583154.4318182,2102.0,1
0,7134.9,26857,47990118.75757576,7617.5,-10829.99,17167,18242382.07060606,-10873.5,7687.5,30010,66672060.515151516,10484.5,3775.75,44523,185043851.38131315,-599.0,-2078.6,42385,120671185.01010099,-3092.5,-1930.39,48367,200736928.4423232,2563.0,1
0,-5637.87,19823,50119149.508181825,-6864.0,65.55,24565,79088951.07828282,4802.0,3683.51,34076,103408417.94939394,-267.5,4111.85,40173,121829261.84595956,5048.0,284.95,27488,54090998.08838384,-550.0,1535.34,30537,80487960.50949496,-1892.0,1
0,-5629.44,20464,47835875.78424243,-4807.5,-694.31,23702,68138437.04434344,2747.0,4709.52,32684,112007396.87838385,3374.5,2967.57,39996,129000838.42939395,3764.0,255.83,27264,52177919.051616155,43.5,1471.36,31947,84197770.71757576,-2275.0,1
0,-5980.63,20971,47433217.508181825,-6176.0,-1184.75,25664,76447445.19949494,3058.5,4047.32,32709,112391379.81575757,2441.5,3437.28,42368,147979866.68848488,4323.5,463.25,23942,43786464.10858586,466.5,1559.95,32703,100254537.239899,-2666.0,1
0,-5009.68,21463,52510236.07838384,-4353.5,-993.78,24564,68049114.3551515,2337.0,4518.73,35930,126964972.01727274,2748.0,3721.61,41625,149385642.74535352,5364.5,648.24,27562,47209342.446868695,1064.5,1042.21,32958,99175093.1978788,-2804.0,1
0,-5254.53,19064,45390759.8879798,-5214.5,-53.06,25779,70141455.61252527,1841.5,3293.59,35469,90045043.94131313,5130.0,2513.42,37506,117891062.89252524,5013.0,581.04,26401,45369352.9478788,1773.0,834.63,32208,98572684.63949493,-4182.0,1
0,5195.68,24791,41193068.80565656,5381.5,-9782.45,16855,18467014.20959596,-9580.5,8348.65,35605,93790621.68434343,12113.5,5190.73,43029,226981679.02737373,628.0,-682.43,38256,114208820.2879798,-2179.5,-2397.9,44878,168848944.33333334,1277.0,1
0,3014.5,23905,42454092.41414142,3098.0,-8854.69,17771,36174745.731212124,-10782.0,7595.58,36154,94822668.85212123,10327.0,2847.25,50431,302586817.4621212,-1398.5,-2518.02,40007,110716960.44404039,-2817.5,432.83,37137,108619630.60717174,2311.5,1
0,4332.82,26812,65132709.44202021,5345.5,836.43,26442,79613309.21727273,2024.0,6475.08,17887,24382675.87232323,4630.0,-2654.56,21084,32889958.188282833,-739.5,-2874.94,11811,11795159.127676766,-1735.0,-5453.464646464647,54666.0,300252633.1084313,-5761.0,1
0,-1173.48,27242,106510211.06020203,163.5,4588.48,8922,8736982.777373737,6077.5,7159.21,17217,45032419.521111116,5774.5,-462.49,26084,55459411.06050505,-66.0,-867.74,15961,13881189.648888892,-915.0,-1815.37,55051.0,290051004.2354545,-3792.5,1
0,-4536.15,29057,96117362.89646465,-3103.5,5047.47,6296,3091130.1708080806,4633.5,5567.26,19164,43181442.21454545,3632.5,-2716.91,31188,79859657.55747475,-1529.5,827.61,14570,8333748.0584848495,1269.5,-1372.59,55198.0,306174314.8504041,-1984.0,1
0,-5904.31,26308,89247958.33727272,-6970.0,5190.28,6503,4088965.334949495,4674.0,5225.57,19986,41954622.7930303,2224.0,-1975.95,28007,64818959.502525255,-255.5,-43.57,19326,18493807.358686868,418.0,-387.47,56007.0,316890045.90818185,-2078.5,1
0,-4444.71,25314,92986751.0362626,-2744.0,4848.41,6188,3051367.092828282,4225.0,5994.92,20031,51205146.92282828,4056.0,-1599.81,26294,54330848.21606061,-1758.0,-801.0,16047,18315323.151515152,-135.0,-1247.8,57194.0,294192260.42424244,-1164.0,1
0,-4290.12,26391,103355477.03595957,-4499.0,4940.52,5613,3072824.252121212,4273.0,5680.76,17599,45176758.36606061,3234.5,-1084.64,26849,57702398.475151524,-147.0,-783.5,11668,8257532.575757576,-84.0,36.77,57846.0,314569362.1384849,-1081.5,1
0,-5437.18,28687,111034922.57333334,-8430.5,4570.52,6393,3468904.413737374,3604.5,4517.14,16294,33900441.79838384,1408.5,-605.14,23348,39622722.14181817,-690.5,-744.09,14549,9937816.042323234,-377.0,-492.27,58097.0,325903448.48191917,-2017.5,1
0,-4574.09,29412,121300301.59787881,-7687.5,4719.91,6136,2700202.6483838386,4424.0,4257.05,17543,34834890.16919192,802.5,-2006.67,22774,36186138.142525256,-901.5,-131.66,16178,15642193.883232322,431.0,-558.81,58194.0,311709053.3069697,-1827.0,1
0,-2881.48,29514,113536853.9288889,-1999.5,5203.26,6474,2717521.8913131314,4543.0,5436.26,18092,44833770.63878787,3851.5,-1233.83,26848,54903548.97080809,-122.5,-32.16,13984,11287508.984242428,535.0,-368.75,55620.0,318099645.92676765,-2163.0,1
0,-4177.07,27179,94695391.31828283,-2802.0,5579.11,5839,3084391.593838384,4961.5,5617.12,18012,44055860.89454546,4204.0,-1353.58,30886,69333809.3369697,-396.5,29.49,17945,13794486.616060609,470.5,-322.58,54855.0,290419700.6096969,-1199.5,1
0,-4231.29,25349,88452344.22818182,-2805.5,5394.51,4367,1980390.3130303035,4748.0,6227.02,18449,51598110.94909092,5425.0,-988.09,28881,65955219.82010101,-231.0,-681.53,14351,14818689.423333332,-635.0,-240.59,55317.0,298525171.71909094,-200.5,1
0,-5646.77,25614,84270130.82535353,-4855.5,5697.14,6577,3794335.0711111105,4948.5,4755.12,18576,46025801.07636364,2719.0,-949.7,30815,74552959.8888889,189.0,2.17,18737,15219922.485959595,-263.5,-422.37,54988.0,278273520.2152525,-3424.0,1
0,-6953.67,23702,75576102.40515152,-8434.5,5414.14,5450,2946209.1519191917,4820.5,3988.29,19606,49463973.702929296,626.0,-1.81,34135,88433426.31707071,306.5,-531.06,14161,10533795.814545454,-210.0,-198.39,55380.0,281874143.65444446,-2070.5,1
0,-5346.63,25916,92794627.62939395,-6421.5,5603.05,4501,1741409.8863636367,5025.0,4199.29,19245,51758776.77363638,1630.0,-630.52,30839,71722384.89858586,273.0,-233.63,16836,15549296.821313128,-299.0,-944.91,55803.0,287917047.17363644,-1905.0,1
0,-3468.5,10950,12051061.161616161,-3797.0,-5720.13,21455,46069990.8819192,-8664.5,9119.92,38592,119805465.04404041,14140.5,6735.38,49915,237155522.94505048,6924.5,2987.14,30037,45959179.11151515,2454.0,3195.19,18069,21703171.690808084,1427.5,1
0,-6977.81,13271,10156452.62010101,-7272.0,-1364.68,25179,79070580.92686868,2994.5,3163.86,37766,129204306.10141414,5037.5,7591.72,47879,201473901.5571717,11837.0,3653.35,24272,43437739.66414142,3169.0,2766.31,27739,54216785.064545445,88.0,1
0,-8945.6,11395,7213639.252525252,-8654.0,-1033.72,26737,64243963.51676767,744.0,1684.85,34642,132613507.32070707,1887.0,6914.85,45336,185164837.7045454,11430.0,1252.43,17856,18191820.752626266,1165.0,1913.25,31306,68177883.0580808,-406.5,1
0,-6962.86,14408,11507307.454949496,-6816.5,-6500.71,26781,80357244.47060606,-7235.5,3592.62,40930,151709833.42989898,7111.0,1913.94,49366,280822245.22868687,2146.5,1435.27,22685,35762845.71424242,674.5,6797.25,30674,80757277.07828283,4582.0,1
0,-9579.38,6944,4768208.743030303,-9547.0,890.93,22604,43681577.17686868,3865.0,1750.71,34635,129239260.87464647,-1197.0,7877.98,35496,79832121.17131314,4470.5,2615.51,16187,10769642.13121212,2275.5,373.72,17685,12617401.698585857,-65.5,1
0,-618.56,17963,28354899.54181818,-757.5,-10987.19,20532,27131399.79181818,-11044.0,9801.71,38406,75467068.63222222,12874.0,321.99,54456,274387831.2221212,-3780.5,-2187.17,32757,119799897.61727272,69.5,6339.69,30014,51079017.10494951,4710.0,1
0,-64.05,22382,46854617.78535353,-1442.5,-10416.15,19987,34445116.492424235,-11562.5,6663.31,32875,98702034.62010102,11223.5,2678.27,51332,272330133.8758586,-3036.0,-3185.55,39838,134398921.0580808,-4488.0,3466.66,35628,89039922.08525252,3216.5,1
0,-1569.66,18643,37090974.44888889,-2710.5,-11585.82,23821,37562583.01777778,-13114.5,5195.93,31102,73323624.51020202,8780.5,652.56,49032,207359588.8751515,-3066.5,-3091.72,36917,88460361.21373735,-3634.0,3441.01,37164,72511387.74737373,2860.0,1
0,-3107.08,21068,39288897.448080815,-3324.0,-9726.21,24120,42629652.06656566,-10525.0,6758.88,35315,92310846.22787878,10313.0,4532.11,49338,331455540.7453535,-638.0,-1483.13,40271,151900996.5788889,-4031.0,3210.78,28488,49868206.88040404,748.5,1
0,-1782.7,19943,45532987.88888889,-2764.5,-11031.5,20860,33948885.86868687,-11108.0,5764.53,36223,80401443.26171717,8016.0,4051.8,50888,239545264.52525252,-1250.5,1786.18,37005,100421358.81575757,1498.0,1281.64,30874,60138784.899393946,841.5,1
0,-1643.42,18087,35206056.00363636,-814.0,-11523.2,21060,36843057.81818181,-12869.0,6357.98,35951,87983433.89858587,9360.5,4718.96,52745,298519850.2206061,964.0,-308.52,39317,110815461.66626264,-240.5,2411.59,32497,69110591.43626262,786.0,1
0,30.5,21498,51223082.83838384,2319.5,-11073.38,18519,26137064.985454556,-10538.5,7662.05,32783,76455292.53282829,9908.5,1578.61,48889,255388234.56353533,-2950.5,-1865.44,39530,152335724.9357576,-2263.0,2351.97,28303,57925143.26171717,3387.5,1
0,-1632.49,19827,37716191.020101,-1531.0,-11364.77,19693,32404670.865757577,-11498.0,7251.14,36109,85852262.6670707,10092.0,1391.64,53552,296609737.4852525,-3305.5,-842.78,41504,158486431.52686867,-1733.0,4389.69,24643,40116867.1049495,2167.0,1
0,-3701.7,15053,18348707.121212125,-3894.0,-10175.97,20545,34741451.281919196,-10228.0,7111.46,34849,89427379.70545453,9836.0,2750.82,52803,325562312.1894949,-2069.5,-2247.91,38479,130164438.87060606,-5740.0,5107.37,23564,37823056.35666667,3653.0,1
0,-4792.67,14249,17313457.496060602,-4711.0,-7554.27,21512,44044277.976868674,-5176.5,8609.89,37202,79317846.19989899,11473.0,3864.95,53357,275247970.93686867,1025.0,-1935.32,33005,90759030.60363637,-3130.5,2649.02,20234,19005649.95919192,2225.0,1
0,7605.73,34842,76746190.32030304,8713.5,-1602.68,17089,29958472.037979797,-880.0,5847.42,20215,39479199.8420202,7487.5,-296.88,24518,39677915.46020203,531.5,-653.6,18005,21302484.646464646,-925.0,-4800.63,47944,169904776.03343436,-1760.0,1
0,11631.66,29427,42072839.94383839,10491.0,-6160.08,24094,59486469.97333332,-7938.5,2895.77,18380,29908246.643535353,1012.0,2415.53,35206,62166696.51424241,4162.0,-7023.53,25132,39241828.57484849,-5343.5,3780.42,52743,212127055.78141415,5227.5,1
0,10513.22,33812,60080039.264242426,10414.5,-10922.41,15405,20754768.244343434,-10791.5,-2782.1,25275,62531742.03030304,-5973.0,1467.31,42290,179632026.88272727,-662.0,-7295.89,31930,69142872.66454546,-4617.5,1445.27,55894,286273432.5425253,4162.5,1
0,9497.4,31779,52472884.242424235,8961.0,-12426.57,14857,19093246.348585855,-14201.5,-3747.94,24319,49750294.541818194,-6635.0,222.37,40186,156272874.3970707,-71.5,-6115.77,33052,64661215.04757575,-3821.5,1769.75,56729,265630088.4722222,3508.0,1
0,10742.48,27871,38887985.92888888,9765.5,-12408.34,17465,29410831.095353525,-15518.5,-2369.3,16838,25006521.909090903,-3643.0,-3184.59,28599,55351892.91101011,-1735.0,-7151.64,30396,76058547.28323232,-4610.5,2297.06,57488,285352690.5822223,5536.0,1
0,10643.29,31131,53407787.864545465,10022.5,-10973.31,16716,26888247.852424238,-12020.5,-193.05,14821,15606660.492424242,-1464.0,-1677.56,18345,23211233.1579798,-355.0,-5059.44,20413,38750780.6529293,-3736.0,1722.6,56960,265741936.58585858,5227.0,1
0,10991.56,31707,52231863.743838385,10038.5,-11367.91,12940,21243635.69888889,-13600.5,379.23,14311,14795172.582929293,-667.0,-1021.62,18348,19347580.237979796,-131.0,-5787.43,21669,33184236.085959587,-3786.0,6.19,55826,235057039.30696964,1704.0,1
0,10169.24,33828,65543409.29535354,9320.0,-11433.01,16083,27613488.292828284,-14510.0,-1074.87,12810,9487425.952626262,-1108.0,-2715.34,19591,22509591.135757573,-783.0,-6233.39,25422,49878409.63424242,-4092.5,244.56,57875,278574364.4509091,1729.5,1
0,11066.83,29118,44744929.55666667,12005.0,-12342.58,14577,16805794.60969697,-13213.0,-1170.08,22139,33593555.650101006,-2378.5,1791.23,37956,113469614.42131312,1526.0,-5512.18,29261,70801729.26020202,-4894.0,-1525.53,51803,283644178.31222224,2977.5,1
0,10981.2,31964,45886305.393939406,10838.5,-10598.49,17621,34405006.79787879,-13787.5,-961.87,12539,13178586.821313132,-2082.5,2605.49,23083,35021525.62616161,2389.5,-6408.8,22359,27950027.575757574,-5075.0,1821.27,57252,277348157.9566667,3309.5,1
0,10724.23,30079,51804701.91626262,12000.5,-11944.77,13383,14148743.249595957,-12818.5,502.52,21647,38900774.85818182,-1180.5,-3718.56,35258,73842941.8650505,-2102.0,-6328.66,22632,31803043.92363636,-4614.0,-1540.59,53575,277145494.16353536,-793.5,1
0,10382.84,31079,58223255.48929294,9549.5,-10538.78,14873,29599799.648080815,-10052.5,1643.57,20790,31175957.23747474,165.0,-1796.76,26106,50290395.92161616,-114.0,-6298.08,18193,31416038.660202023,-5326.0,-883.23,54175,244070151.41121215,1950.0,1
0,9387.49,31677,64572234.878686875,8219.5,-10378.31,14720,27548244.74131313,-9679.5,-1459.56,16107,26195104.309494954,-3658.5,-389.83,35021,82566924.70818181,-1029.5,-6274.36,20787,31346468.515555557,-5311.0,1223.94,54388,247416039.28929293,832.5,1
0,10041.82,31326,59839229.765252516,8306.0,-10492.59,14822,26237172.607979797,-10471.0,-8.72,19466,35551500.18343433,-2645.0,-537.97,29575,52285273.46373737,214.0,-4620.73,23686,46639629.06777777,-3350.0,-629.79,55934,246663925.399899,2388.5,1
0,5718.12,31807,67689108.97535354,7292.5,-2299.9,19953,37502832.85858586,-2070.0,7531.26,20534,35955811.50747474,10169.5,3355.49,31547,74127128.1110101,3733.5,1017.95,17771,21133356.876262624,163.0,-8045.25,48687,191944381.42171717,-6293.0,1
0,5.61,35292,137547794.11909088,6316.5,-1524.66,24969,76307455.70141415,-3316.5,4549.75,18406,22350510.16919192,5291.0,-2696.48,23317,36310127.28242425,-4017.5,-3152.51,24320,49293433.343333334,-3463.5,5169.65,43681,156841521.52272728,4278.5,1
0,9934.09,34105,66834676.24434341,11005.5,-9409.51,17770,30019907.060505047,-9836.5,4198.16,22602,32149920.53979798,5466.5,2450.51,37282,99660424.99989897,-1148.0,-4882.8,25504,47933379.59595959,-5175.0,1326.95,57124,294116088.3712121,3817.0,1
0,10135.06,35210,66420389.26909091,10348.0,-9035.47,18517,29831366.756666664,-9452.0,3237.05,23534,31492700.209595956,2633.5,-1040.58,27897,40392263.84202019,-1217.5,-3473.94,19667,30145904.137777783,-3433.5,303.75,57988,292137368.4722222,2476.5,1
0,8680.3,33198,72442997.16161615,8851.5,-10357.86,16518,28385461.71757575,-11535.5,1871.29,24659,36467066.43020202,2686.0,3791.54,39110,88683883.6650505,2449.5,-2523.85,27735,62644215.96717171,-1053.5,-1379.3,56988,268029549.14141414,100.5,1
0,8247.22,35531,91814400.19353536,8527.5,-8782.47,14734,30358135.38292929,-8529.5,2155.24,23618,31341470.527676765,3124.0,2941.33,37170,103117699.37484848,-309.0,-4336.09,34506,83812031.86050506,-2055.0,-1548.96,57885,309205221.9983838,855.0,1
0,10345.32,34348,70530165.65414141,11443.5,-11925.87,16250,25351366.780909095,-13883.5,2077.58,20565,24141376.52888888,1418.0,2507.29,31260,53703968.87464646,1319.5,-5054.5,28463,51414772.31313131,-4354.5,1080.36,56931,258127356.15191916,3551.0,1
0,8771.94,32572,77680605.349899,9394.0,-7405.08,21485,56254866.720808074,-6452.5,2341.4,19438,23706892.101010107,3029.0,1288.49,33840,68710844.83828282,-203.5,-5868.36,22163,24967853.18222222,-4844.5,1492.85,59380,329722520.73484844,3801.0,1
0,10038.33,35900,91629123.43545455,11693.0,-9352.38,21690,47716970.01575758,-12653.0,-407.97,16317,17099806.898080807,-1610.0,1252.53,25753,34258335.665757574,-201.0,-1872.55,22503,31559214.472222216,-2070.5,1426.82,58669,279409608.7349495,2399.5,1
0,9921.1,34087,66362452.07070707,9640.0,-12329.8,15865,15697363.313131316,-13300.0,-170.45,23282,38527045.361111104,-1957.5,2776.32,37132,81047441.3309091,2349.5,-3858.07,27947,41452507.601111114,-2325.5,1323.1,53266,245083458.07070702,3012.5,1
0,9852.05,34808,73591752.02777778,9963.0,-10156.6,12620,19724419.17171717,-10883.0,879.41,23379,33615778.22414141,-126.0,869.07,33590,67694866.77282827,2570.0,-5082.8,27660,62742646.202020206,-2256.0,1461.58,58151,294297420.5288889,4754.0,1
0,4565.0,38585,133529298.14141414,8459.5,-5514.81,24083,83986811.97363636,-8531.0,3075.63,25396,53750011.54858586,1226.5,1457.89,34767,77395059.12919194,3255.5,-27.72,17102,27940189.153131317,542.0,-8782.67,50821,186193891.33444446,-12030.0,1
0,-26.54,43928,177527778.17010102,4757.0,-3993.18,20693,52411095.76525253,-2393.0,146.62,21475,31932822.359191917,-1831.5,1203.49,26295,34833196.77767677,1123.5,-3611.41,25333,46262624.24434343,94.5,7778.55,31005,92891827.88636366,6073.0,1
0,8828.09,36019,80807173.63828282,8792.5,-9624.27,16744,25223866.03747475,-9531.0,625.14,20998,32830128.88929293,305.0,250.55,34180,52793243.34090908,106.5,-2701.71,27341,48446500.43020203,-2806.0,-177.64,56986,318426793.99030304,195.5,1
0,8948.91,31810,47742676.89080808,8806.0,-10018.98,15928,26026767.070303027,-9821.5,5319.7,28487,70740502.37373738,3173.0,-401.93,34350,70110726.04555556,-1788.5,-2489.26,19324,18384732.396363635,-2893.0,-1689.0,50473,188436236.66666666,2845.0,1
0,1748.1,17130,32661369.929292936,-148.0,10957.48,14612,27049372.050101005,12090.5,6381.83,13765,19867109.536464646,5754.5,-121.58,23525,42963916.5490909,1655.5,1684.22,9962,6696743.506666668,1795.0,941.79,33107,76386380.53121214,-106.5,1
0,614.62,15957,29063267.854141418,-1691.5,11568.58,12850,26884972.83191919,13350.0,5866.62,15155,23522587.854141414,3734.5,-192.91,24873,45304893.77969698,1477.5,-322.97,10642,6025925.443535353,22.5,473.49,29139,61538846.49484848,-1095.5,1
0,2421.36,15308,33799316.49535353,1405.0,11680.75,13115,24681352.856060605,12337.5,6306.75,11429,14809666.33080808,5361.0,-186.96,19314,26897338.01858586,1002.5,-26.01,10593,6189062.656464647,-192.0,57.69,30218,70384595.26656567,-1207.0,1
0,1110.09,15973,33397231.517070707,-1711.0,11666.86,11617,21186422.566060606,13625.5,6161.64,11662,16045816.798383836,4121.5,-693.87,22713,39508501.24555556,130.5,840.92,11199,5349933.165252524,616.0,-343.49,29167,65174088.29282827,-1795.5,1
0,607.99,15217,32203209.38373737,-334.5,11350.53,12279,22271635.221313126,12310.0,6463.55,13650,22159689.037878793,5315.5,-679.77,23372,45268339.350606054,754.0,438.88,4575,1551699.7228282825,257.5,964.45,30143,68355252.41161615,-489.0,1
0,1909.03,15278,32865292.938484848,42.0,10964.05,13070,28930900.229797985,12138.5,7044.02,11297,17128375.171313133,5659.0,-592.96,22239,37241523.91757576,167.5,791.98,10999,6922582.484444444,-6.5,187.87,29880,64099727.64959596,-678.5,1
0,2109.74,14168,28489622.537777774,1479.0,10959.94,13037,25668495.390303034,12201.0,7452.93,12054,18231096.853636365,7049.0,-352.24,20846,37645757.4569697,1272.5,-37.51,8825,5990949.565555555,-452.5,634.05,27252,58996203.05808081,-434.0,1
0,2097.67,12016,17870678.506161615,66.5,11974.64,13592,28798447.768080812,14914.0,6919.89,11329,15175344.260505049,5177.0,-598.81,20785,33056688.256464645,-545.0,-512.7,8016,3694171.1616161615,-754.0,329.16,26804,47938682.53979798,-594.5,1
0,2097.41,12605,19206268.729191918,276.5,11366.91,15818,35392994.183737375,13823.5,6957.57,12242,17844127.096060604,5215.5,-306.78,24082,45530317.58747475,816.0,807.76,7542,3545511.052929293,251.5,0.36,28935,59881259.28323233,-1686.5,1
0,1865.09,14225,21228338.769595962,413.5,11429.0,15784,29789760.606060605,12380.5,7294.66,12021,15748677.31757576,6683.5,-898.85,20798,35636071.765151516,339.0,223.48,10081,9918350.292525252,164.0,280.39,29178,58989276.664545454,-257.5,1
0,1628.53,12555,19746766.635454547,271.5,11212.05,15060,38466445.7449495,12686.0,6894.37,14661,23438700.70010101,5516.5,-111.03,24809,44463150.95868687,662.5,230.37,6735,3644167.3869696963,780.5,648.21,29800,63091176.0059596,-1356.0,1
0,2311.85,11921,17539688.936868686,1472.0,10975.44,15135,30589065.582222227,13006.0,7834.6,10923,15537709.393939389,6687.0,-557.48,20553,34935322.59555555,-426.0,116.09,9919,5333678.971616162,161.0,841.33,27523,54040321.13242423,-105.5,1
0,2373.07,10855,14783444.20717172,739.5,10777.47,15754,36364614.19101011,12888.0,8164.23,12889,18417191.835454546,6276.5,-1103.06,25477,47038716.94585859,623.5,-203.02,7335,4051368.302626262,-153.5,49.56,27627,54997248.168080814,-1281.0,1
0,5181.67,16017,26340837.273838382,7226.5,-7350.858585858586,13181.0,15590910.734900022,-8111.0,-6173.676767676768,28618.0,101174670.26180167,-10696.0,-1846.3232323232323,33408.0,55921862.07812821,-2270.0,-2166.090909090909,52923.0,172217642.2059369,-368.0,3067.717171717172,19359.0,21417325.592661306,651.0,2
0,6578.15,9635,6394686.573232325,6039.5,-13383.06,16346.0,21810725.713535354,-15405.5,-5079.87,13365.0,21786110.053636365,-3871.0,-1647.4,40154.0,111329651.81818181,706.0,-1211.05,45767.0,119940792.1287879,-1570.5,5837.54,27787.0,54109463.32161615,5392.5,2
0,4953.03,9165,5796414.978888889,4828.5,-12607.79,13891.0,20860194.915050503,-15312.5,-7051.13,16288.0,29045535.690000005,-5624.0,-2611.03,35645.0,93617367.80717172,-754.5,-2131.48,49243.0,153092305.10060608,-3870.5,3089.73,24038.0,45172187.04757576,1964.0,2
0,4961.62,10977,10860026.601616161,5310.0,-10527.6,15851.0,30087097.898989897,-11488.5,-8668.13,14439.0,24412735.54858586,-9662.5,-3261.72,33314.0,100994792.12282827,-507.0,-650.91,46527.0,185472088.68878788,-2815.0,3178.38,23380.0,44050660.642020196,2516.5,2
0,4347.22,9677,8607673.789494948,4647.0,-8995.4,17355.0,41252932.56565657,-9431.0,-10819.77,12489.0,16685130.057676768,-12961.5,-2156.85,35507.0,136726724.61363634,-975.0,-1036.55,43761.0,156060779.46212122,-1252.0,1968.52,25801.0,47613789.46424241,1272.5,2
0,4579.62,9891,10928926.31878788,4831.0,-10080.43,17513.0,38277848.489999995,-12221.0,-9340.15,14978.0,27120246.85606061,-11837.0,-3151.46,37907.0,127346633.24080808,-254.0,-183.13,47700.0,162711745.50818178,-488.0,3266.56,26663.0,50667848.370101005,1723.0,2
0,3042.04,14154,15707105.19030303,3220.5,-7134.21,19748.0,60286970.894848496,-6839.0,-9319.84,14486.0,32223436.863030307,-11524.5,-1755.58,40724.0,93940363.37737373,-1634.0,1753.43,50388.0,132392958.14656565,-1450.0,4431.21,26745.0,46207698.22818181,1974.5,2
0,4174.96,11128,9214180.22060606,3796.5,-10666.65,16585.0,37328597.40151514,-13730.0,-8134.91,18207.0,38399721.153434336,-10594.0,-2931.37,43172.0,119503745.54858588,-203.5,720.39,48056.0,135461481.83626264,-1408.0,3721.05,24334.0,43281330.61363637,2048.5,2
0,4342.98,9901,7756471.716767676,4474.5,-11366.3,16102.0,34866088.35353535,-14458.0,-8165.25,12963.0,21026172.876262628,-9175.0,-2820.78,37935.0,125354974.71878788,-1900.0,-1007.2,48402.0,169970531.69696975,-1606.5,3823.06,27843.0,56539510.62262626,2449.5,2
0,3370.87,12172,13410357.77080808,3830.0,-9836.42,18546.0,42249198.85212121,-11525.0,-9002.43,14887.0,24323910.40919192,-10608.0,-2270.46,37702.0,140399520.91757575,-624.0,-188.65,44138.0,148143645.86616158,-487.0,4087.85,25594.0,42777617.138888896,3102.0,2
0,3800.71,9147,8047358.854444443,3559.0,-9648.16,18040.0,43248636.6610101,-11970.5,-8072.46,15350.0,34575783.362020195,-11392.0,-1490.36,42947.0,136002349.76808083,-361.0,1418.52,49728.0,163760978.5349495,744.5,3053.49,23695.0,31829718.474646464,2104.0,2
0,4114.17,9984,8854756.324343434,4283.0,-10614.66,17491.0,41985516.04484849,-14432.5,-7836.36,14684.0,24221852.87919192,-9477.5,-2989.59,41162.0,133264882.44636364,-665.0,-411.14,51040.0,174373315.57616162,-1780.5,3796.67,27528.0,49248985.4960606,2199.5,2
0,3287.87,12354,10194952.63949495,3413.5,-11534.08,13788.0,26086605.56929293,-14057.0,-7985.87,16648.0,30692099.16474747,-9667.0,-1609.34,35944.0,97627012.85292932,-238.5,595.93,46235.0,167120579.19707072,-126.0,4565.18,20886.0,30804936.977373745,3435.0,2
0,4117.53,10601,9595278.09,4382.0,-10962.9,17035.0,40214688.81818182,-15227.5,-7923.36,15904.0,31079500.495353535,-9069.5,-2692.95,42334.0,110471950.49242426,-1017.0,-458.35,50569.0,150026555.6641414,-78.0,3883.63,25368.0,39905891.56878787,1918.0,2
0,8934.18,10411,10020092.775353538,10150.5,-7002.83,12723,12845210.061717171,-8329.5,-6960.12,29706,86880986.73292929,-10661.0,-1811.9,31595,60317494.21212121,-708.0,-2686.22,45748,150183818.96121213,-1156.5,3978.64,23533,27153436.798383843,2267.0,2
0,6450.87,10249,6579643.750606059,5722.5,-11632.12,18753,34224722.63191918,-15603.0,-8860.87,17201,23012792.41727272,-9450.5,-2300.17,37840,107128816.3849495,236.0,-861.96,38305,96630278.42262624,-2064.5,6092.3,29004,68937386.83838382,2890.5,2
0,6224.76,8507,5760418.386262624,6024.0,-13389.42,10908,13313857.55919192,-15650.5,-7446.76,12777,16975836.83070707,-7553.5,-1807.43,35419,97464280.77282827,456.0,-1192.64,41346,91738038.7579798,-1460.5,4931.82,26215,45078104.31070707,2661.0,2
0,5121.88,5690,2970630.611717172,4714.5,-9849.63,16366,40444850.74050505,-13498.0,-9110.73,14637,29228077.06777778,-10747.5,-3369.68,36139,81068799.73494948,-1585.0,-62.42,42075,102605945.27636363,-1115.5,2379.35,30972,41443183.52272728,1056.0,2
0,5341.76,8851,6495313.295353535,5536.0,-11996.2,16036,32392148.222222224,-15697.0,-8624.05,15091,21659843.03787879,-8569.5,-1933.25,35862,95703696.25,-1011.0,-1314.18,42627,100692934.71474747,-3324.0,6146.36,28588,62742381.30343434,3249.5,2
0,5301.96,6843,4350962.240808081,5439.5,-12675.53,12571,20149920.696060605,-15613.5,-7706.2,13669,23027535.21212121,-7514.5,-2015.15,35739,82746160.08838382,-602.0,-691.75,44375,114432551.01767677,-1303.0,3795.29,26438,42192918.9150505,1619.5,2
0,5907.33,8924,6618878.809191918,5243.0,-11891.42,11531,16136750.62989899,-12928.5,-7840.11,13351,24008170.422121216,-9052.5,-1422.35,34646,95579559.68434343,-633.5,-1431.11,40045,107698460.05848484,-2061.5,938.99,17754,20078941.484747473,74.0,2
0,6046.45,10325,10035850.411616161,6658.5,-9860.74,15930,34065545.891313136,-12319.5,-8910.26,13635,22398209.628686868,-9563.0,-2773.04,30948,68355049.77616161,607.0,-129.6,46026,142617949.15151513,-1493.5,3425.58,29178,71235417.39757574,1932.0,2
0,5025.84,7744,5749074.681212122,4859.5,-11619.35,17234,35620493.66414142,-15907.0,-8919.73,14945,24799632.48191919,-9989.0,-2609.18,38041,100504726.5531313,-264.5,-57.36,36650,90302536.41454546,-2688.0,5008.88,28924,52026700.187474765,2733.0,2
0,4495.05,10239,6030519.785353536,4468.0,-13327.11,16213,22671015.47262627,-15893.5,-7901.77,18239,27851173.73444445,-8062.0,-1502.07,36697,89694172.77282828,-490.5,-1098.69,44456,106509836.66050504,-2153.0,4764.35,28022,46887359.96717171,1954.0,2
0,4340.77,7778,6043523.148585859,4186.5,-11988.91,13314,22082544.688787874,-14367.5,-9019.7,15093,23733437.78787878,-9729.0,-1750.18,36955,98130232.77535355,-864.0,-967.11,40699,86369615.230202,-1490.0,3901.92,21871,34721547.06424242,1604.0,2
0,4075.74,8405,5790729.406464646,4544.0,-11351.52,16070,34698493.01979797,-15100.5,-8251.21,14814,27061985.84434343,-9963.0,-1858.69,39914,106759724.23626263,-451.5,-864.19,47124,166507786.92313132,-2076.0,2640.76,30610,56387182.97212121,211.5,2
0,4698.59,7932,2847931.900909091,4240.0,-13102.04,13603,18142283.210505053,-15463.0,-7469.55,15363,25800542.047979802,-8018.5,-2783.59,36551,86245167.49686867,-394.0,114.75,36279,77087762.0479798,-305.0,3234.43,29109,47773807.56070707,911.5,2
0,8046.6,3773,1031352.3636363636,8269.5,-7900.0,17850,46559278.96969697,-4035.5,-10620.14,11278,14052167.293333331,-10722.5,-1571.19,43797,112886392.57969697,-2032.0,-48.9,25129,35152375.18181818,1051.0,2940.92,32697,66527998.55919193,1818.0,2
0,6007.46,1424,126825.42262626262,5970.0,-11761.65,15957,26244579.68434344,-14085.0,-8596.68,10605,11231973.189494953,-9425.5,4615.33,48395,223468289.0920202,8875.0,2325.57,22041,37227819.92434344,3151.0,2553.59,26436,61688981.09282828,437.0,2
0,6336.51,1570,183058.93929292928,6293.0,-12236.67,16663,28695740.708181813,-15079.0,-8227.65,10568,11810006.22979798,-8956.0,-3134.88,47098,229480638.00565657,-4394.0,-1174.85,19983,34459636.14898991,-1110.0,-1194.5,25040,51357468.535353534,-1686.0,2
0,6209.96,2229,348765.6347474748,6203.5,-9114.48,17385,36056223.92888889,-8330.0,-9728.73,12004,13858325.714242425,-10850.5,-1779.71,47260,186511347.72313133,-3374.0,-432.64,24800,41396425.40444444,-1591.5,-544.7,28974,49773584.797979794,-2113.5,2
0,5964.33,2603,358546.42535353533,6023.5,-11398.22,15055,24250842.92080808,-13318.0,-9230.91,11626,10543725.193838382,-10017.5,4624.43,46765,218935607.52030304,8629.5,2251.06,24586,43776741.97616162,4373.0,2407.83,24399,44492030.72838385,299.0,2
0,4841.18,2614,586416.3309090909,4763.0,-10201.33,16719,39830028.6879798,-13385.0,-9210.87,13696,22556397.912222225,-10272.5,-978.07,47251,184606889.21727276,-1261.5,364.01,22309,35950628.33323232,-229.5,799.5,21686,30686192.515151516,-65.5,2
0,4892.31,3534,936321.5695959595,5123.0,-10679.47,16410,35617481.928383835,-13964.5,-8398.68,15269,26192610.341010105,-9620.5,-784.05,46166,179205374.06818184,-1161.5,255.46,22748,32747168.654949497,703.5,56.07,21461,29740451.843535352,-799.5,2
0,5336.69,3403,1006745.690808081,5566.0,-10044.31,16731,37341659.83222222,-12538.0,-9408.42,13740,20062703.054141413,-10124.0,-1670.32,43220,180607088.9470707,-2373.5,-142.61,24038,37730182.74535354,-956.5,-395.49,23121,43074744.23222222,-875.5,2
0,5081.55,3657,1007340.8762626263,5044.5,-9549.03,16729,38684179.03949495,-11808.5,-9561.02,14963,23700795.171313133,-10584.0,-1144.87,46387,189890611.10414138,-1669.5,-657.92,24840,46820025.91272727,-1175.0,-429.33,22047,32334043.294040404,-1081.5,2
0,4688.53,3456,869770.1708080808,4627.0,-8654.25,17222,47275962.371212125,-9388.0,-9677.33,16310,30211779.051616162,-11261.0,739.5,48128,147132838.67676768,-428.0,536.29,24547,35793192.329191916,-251.0,619.26,22001,27973255.366060607,-428.0,2
0,4931.61,2811,679841.5534343435,4904.0,-9549.67,17083,43299135.85969697,-12788.0,-9261.52,14620,23692758.797575757,-10279.5,-903.08,50588,194878705.52888888,-1927.5,-229.91,26188,43355462.001919195,-1000.5,-297.78,20232,27506270.59757575,-962.0,2
0,4766.3,2877,745297.2222222222,4894.5,-8914.46,17366,44175299.78626263,-9851.5,-9420.55,15427,28939840.61363636,-11336.5,411.76,43389,162373556.62868688,-1049.0,468.18,20278,29319769.11878788,582.0,1064.36,21840,26922400.05090909,135.5,2
0,-4811.99,9767,5490401.222121213,-5424.0,-11607.56,9387,9416991.440808082,-10026.0,-10455.05,12548,4378407.926767677,-11262.0,2832.89,25384,43994057.23020201,-13.0,2469.26,14274,11020235.406464644,1502.0,161.0909090909091,10403.0,5216298.124304268,429.0,2
0,-4381.15,8407,6921950.25,-5158.0,-12596.82,19759,39370895.52282829,-15619.5,-9209.75,6189,3518874.977272727,-9718.0,-2489.74,43958,188638179.28525254,-3991.5,-1322.55,21590,39624029.74494949,-1126.5,1361.21,30144.0,74022489.72313131,-535.0,2
0,-5635.98,10335,11583104.767272728,-6649.0,-8229.66,19953,49801773.41858587,-8200.5,-9522.03,7847,6403047.342525251,-10583.5,1159.54,41111,119671319.6852525,-1173.5,1025.68,20918,25568699.775353536,836.5,-86.49,30712.0,57289434.212020196,-1011.5,2
0,-5472.63,9563,9777967.487979798,-6352.0,-9088.99,19667,48290275.18171717,-10533.5,-9262.55,7823,6322517.098484849,-9945.5,261.16,39639,133428049.79232326,-878.0,49.44,20989,25863864.450909093,407.5,412.18,30185.0,66279179.825858586,-996.0,2
0,-4658.73,8713,7727273.431414142,-5327.0,-10134.45,18696,43940010.81565657,-12481.5,-9380.77,8343,6234137.451616161,-9974.0,-494.85,38310,155485019.34090906,-1752.0,-185.46,19194,23008300.129696973,-56.0,1038.53,27418.0,58054646.69606061,-82.0,2
0,-5360.21,10879,11485747.925151512,-6198.5,-8896.73,19694,51961964.461717166,-11102.0,-8944.16,7820,6043506.8832323225,-9969.0,0.41,41140,146248736.18373737,-1068.0,11.36,21540,29705888.01050505,-527.0,842.96,30133.0,63154342.68525252,-664.5,2
0,-5890.08,10231,10975068.80161616,-6668.5,-8497.23,20912,57983808.90616161,-10149.5,-9201.84,6938,4531992.721616162,-9945.5,578.93,42206,143853151.66171718,-918.5,-75.27,28757,40750877.14858586,-395.0,758.26,34704.0,75968986.15393941,-587.5,2
0,-6311.43,11474,13264426.570808081,-7136.5,-8431.42,19654,53710556.28646465,-8463.5,-9230.56,8171,5699041.824646465,-10251.0,625.55,43881,154251866.0479798,-409.5,46.58,24377,42487197.155151516,757.5,905.28,31783.0,62196901.67838385,-1186.5,2
0,-5425.81,10636,12074416.64030303,-5945.0,-9307.15,20550,57172495.0580808,-11697.5,-8844.22,8661,6569281.082424242,-9996.5,34.69,45151,174976391.63020197,-1574.0,-93.19,22751,36525431.58979798,151.5,707.88,32841.0,69037414.73292929,-794.0,2
0,-5086.85,10569,12127223.482323235,-6007.0,-9649.08,19743,55134785.650101006,-13268.0,-8686.47,9193,8562856.554646466,-9985.0,75.44,45478,177132526.18828285,-1589.5,-185.99,23426,37428148.595858596,176.5,345.62,31629.0,60045207.42989901,-1070.0,2
0,-5244.99,10607,11998008.27262626,-6341.5,-9022.77,20830,57373014.15868687,-11381.0,-8996.94,8299,6206432.743838384,-9917.0,-714.38,46265,166449131.87434345,-1621.0,-360.77,27734,48708740.27989899,-377.5,257.65,33786.0,70127883.54292928,-1519.0,2
0,-5047.47,9748,11387920.655656565,-5712.0,-9744.72,19840,52578118.97131314,-13433.0,-8770.97,8044,6501584.4940404035,-9728.0,-176.26,45302,166813052.8610101,-1136.5,-64.61,24997,40670698.60393939,829.0,553.92,34314.0,72251394.55919191,-1144.0,2
0,-4850.37,9179,9967053.77080808,-5581.5,-9783.44,19032,51782011.78424241,-13590.5,-8817.64,8095,7731345.808484847,-9959.0,-744.27,45910,171906443.57282826,-1986.5,52.97,23137,33345892.130404048,850.5,-30.2,32639.0,64979879.030303024,-1381.5,2
0,-5774.31,9175,9374969.488787878,-6602.0,-8613.27,19407,52242903.673838384,-10008.0,-9357.41,8811,6847022.0221212115,-10403.0,-771.94,41617,157303259.71353537,-686.0,-235.45,20117,26013425.967171706,387.5,-414.33,31803.0,65724444.809191935,-1240.0,2
0,-5337.74,8865,9080998.760000002,-6184.0,-9571.93,19158,50601158.10616162,-12985.0,-8767.07,8780,7750127.176868686,-9715.0,-384.3,43045,165583969.6666667,-1313.5,149.94,19677,23993001.592323232,1613.5,131.38,33430.0,69247031.3490909,-931.5,2
0,13036.24,4922,1584496.6084848486,12499.5,-8750.42,7805,4104119.9430303033,-9778.5,-4339.15,8721,8395304.49242424,-6505.0,2108.24,16918,17796102.00242424,529.0,373.32,21429,17968497.22989899,-331.0,-601.58,19777,15663246.892525252,99.0,2
0,7858.8,7712,5265383.858585858,7904.5,-11123.23,17366,33293731.815252524,-14583.0,-8594.56,12576,16153204.875151517,-9182.0,541.34,44938,181268386.18626258,1054.0,-398.55,27698,64426802.815656565,-1230.0,5895.67,16294,25071240.041515153,2873.5,2
0,6307.68,6406,2595055.936969697,6532.0,-10822.32,14915,25546595.33090909,-13035.0,-9000.58,15846,20163670.528888885,-10873.5,-636.75,39206,163304915.72474748,-2377.5,362.25,27934,54785219.19949495,1157.5,2026.52,9982,6030518.696565656,1795.0,2
0,7768.76,6644,3700389.9014141415,7436.5,-9713.27,16858,37190259.16878788,-12454.0,-8104.65,14640,20872218.694444448,-9094.5,-1741.19,37848,139136079.4079798,-2657.5,397.28,31278,68197797.1531313,-1590.0,2280.46,22698,40996921.88727273,268.5,2
0,9638.14,6486,3807664.1014141412,9013.0,-10242.92,16675,35199185.1450505,-13727.5,-5187.07,15504,25106674.005151518,-5551.5,-2661.87,34351,92354050.33646463,-266.0,729.02,38737,81224614.6460606,-616.5,2147.98,32206,89736639.3329293,-263.5,2
0,8639.64,5968,2829223.6468686867,8248.0,-11264.74,15541,28090341.1640404,-14522.0,-5296.06,14953,28381353.329696972,-6826.0,-432.62,40032,137666401.1874748,72.0,-1277.32,33839,65202785.61373737,-1435.5,874.01,26011,56263437.949393936,470.5,2
0,7296.58,5973,2975376.589494949,7047.5,-10572.53,15618,31140353.70616161,-13468.0,-7625.98,15881,23683222.60565657,-8951.5,-1181.71,40309,147614778.6120202,-1516.0,344.84,27472,60868975.105454534,-334.0,1993.81,21211,35805222.074646465,83.0,2
0,8260.58,5738,3010424.084444444,8180.0,-10329.05,16906,38517168.391414136,-14199.0,-7125.49,15023,22225829.100909095,-7709.5,-981.87,45046,161478338.01323232,-1163.5,197.38,26877,50206728.743030295,-114.5,1150.69,25800,50402946.01404041,-351.0,2
0,8325.37,6206,4209551.791010101,7783.0,-10478.23,16790,39818511.51222223,-14697.0,-5933.38,15660,27191010.561212122,-6800.0,-1530.53,42929,139704108.04959595,-1245.0,240.68,38778,72601095.02787878,-382.5,1296.12,31307,64081478.81373737,-86.0,2
0,7999.92,7337,4581525.831919192,7392.0,-10756.08,18095,43115152.3369697,-15382.0,-5920.62,16191,31102963.046060607,-8190.0,-1120.47,47712,165211866.09,-1026.0,-605.26,34336,63369512.618585855,850.5,819.42,30363,61534101.720808074,-499.0,2
0,8256.89,6904,3655656.502929293,7706.0,-10453.48,18491,46420660.51474748,-15322.5,-6719.57,15230,24114152.914242428,-7462.0,-1247.92,44146,151777798.23595962,-573.5,538.31,30992,52052093.52919191,603.5,1848.79,30399,66369733.48070707,211.0,2
0,9938.36,14677,24992300.39434343,11677.5,-5419.33,11981,8649066.627373736,-5864.5,-6264.43,25518,73375559.64151515,-9068.0,-958.64,24149,42381900.596363634,-866.5,-2896.78,48152,151544321.70868686,-726.0,4626.0,17974,23688478.242424242,3528.0,2
0,8972.12,11224,8696669.823838383,9013.5,-11865.14,15708,23163149.454949494,-14508.5,-5873.22,16328,24928172.759191923,-5758.0,-614.32,38231,124227936.30060606,3113.5,-1038.87,42070,143612447.73040405,-401.5,7088.27,31232,68826085.10818182,8047.5,2
0,9319.63,10245,6733138.982929292,8860.5,-11484.44,15336,23811222.592323236,-14005.5,-4847.93,16542,35885217.27787879,-5909.0,-649.29,33861,81465462.430202,1420.5,-1596.43,49449,179919408.5708081,1625.5,3056.69,28802,55184237.85242425,3080.5,2
0,10409.63,7355,4709546.67989899,10427.0,-11140.79,15270,24684135.23828283,-13689.0,-2902.39,17764,40093841.25040404,-1999.5,-2860.26,34844,77973746.98222221,-470.5,-167.62,45102,129103295.85414141,-862.5,1876.0,31968,72871479.81818181,1619.0,2
0,11555.75,8471,6688220.694444444,12298.0,-9675.76,15193,22998512.89131314,-10364.5,-6481.34,17450,22029633.236767676,-7702.0,-1993.78,31080,65558686.6379798,-537.5,-3328.46,52484,212931717.80646467,-3095.5,1379.76,31828,88727414.60848485,2313.5,2
0,10719.7,5023,1855315.1616161617,10784.5,-10605.23,9493,10414834.764747472,-10402.5,-8827.22,15679,19995082.597575758,-10742.5,59.74,40324,129363295.1640404,1325.5,-1668.7,36999,107787420.1111111,-1627.5,1788.83,27531,56666630.93040403,1765.0,2
0,8127.34,10782,9975212.974141415,8831.5,-9138.07,18070,38737346.00515152,-11312.0,-8541.8,14669,23563378.727272723,-9901.0,-2007.08,34207,94198948.1551515,-75.0,-121.48,43526,180585252.69656566,465.0,2785.5,17606,24347071.90909091,158.5,2
0,6190.98,12066,15772750.585454546,7578.5,-10779.55,16257,30957247.845959604,-13751.5,-8634.8,15391,24136526.44444444,-11099.0,-3868.99,37495,120189505.30292931,-1728.0,-2007.08,43183,200566156.47838384,-2853.0,3181.03,20770,35909571.84757576,1839.0,2
0,6916.06,11371,11248822.117575753,7569.5,-9616.08,17877,37702137.266262636,-11416.5,-8673.59,15617,20136979.69888889,-10251.5,-3592.83,37970,119945854.4859596,-1628.0,717.84,40353,147419718.96404043,-1340.0,3658.74,23528,46220652.881212115,2318.5,2
0,7318.42,9064,7458068.124848485,7660.0,-9932.23,15954,33042801.128383838,-12777.5,-8339.46,13814,23029358.654949497,-9369.0,764.1,34682,79823986.6969697,1299.5,2203.05,30804,79729062.47222222,1770.0,1576.49,21139,37150572.555454545,1173.5,2
0,8218.59,11152,9086259.638282828,7939.0,-9281.7,15352,28894613.767676763,-10330.0,-9191.13,15390,23870389.508181818,-11426.5,-1634.94,32090,86916749.93575756,859.0,-396.11,43366,153006360.9069697,-418.5,2715.46,21873,37782351.341818176,1476.0,2
0,8253.94,10547,10133107.26909091,7939.5,-10373.23,14388,20594874.724343434,-12121.5,-6326.6,19055,51590251.23232322,-9272.5,-2238.03,38052,81401600.43343434,-995.5,2104.85,45177,129483764.77525255,-158.0,1733.95,23925,41858374.310606055,2479.5,2
0,9322.67,10218,7122045.172828283,9209.0,-10099.45,15532,28445558.835858587,-12745.5,-7968.49,13368,15714070.555454545,-8962.5,-1435.95,33829,92842402.1489899,-379.0,-840.54,47539,131497883.40242425,29.0,1954.17,23046,49486087.738484845,-276.0,2
0,8777.87,12987,14175373.346565656,8555.0,-10100.83,11572,18680751.81929293,-11832.5,-6561.29,20323,44994813.016060606,-5509.0,-1439.96,25023,43867521.271111116,599.5,666.24,37596,125588097.49737373,1604.0,3249.6,25611,49272928.96969697,1585.5,2
0,11449.4,17108,19692485.353535354,13011.0,-4847.81,22953,25217348.03424243,-5143.0,-5517.95,35902,92018638.29040407,-4620.0,1086.31,45303,155038110.07464647,-485.0,-6258.32,23528,54188210.098585844,-4074.5,-1901.8080808080808,20087.0,32361169.238301378,-2948.0,2
0,8545.87,6753,2260025.2253535353,8311.5,-11731.88,16889,37748629.74303031,-15095.5,-7204.39,13934,15115175.856464647,-7574.0,-1395.0,34286,85829947.07070707,176.5,2429.37,41945,149620606.78090906,1612.5,6830.14,36161.0,107360745.23272726,5125.5,2
0,7589.4,6627,3661467.252525253,7744.0,-13057.08,16608,31660433.205656566,-16087.5,-4820.03,13876,20147886.756666668,-4091.0,-2254.43,36765,81293008.91424243,-255.5,-130.58,43383,113774160.38747476,-460.0,2665.09,37266.0,88296257.7190909,18.0,2
0,6940.24,5131,2665879.2953535356,7058.0,-11614.71,16165,34377702.69282828,-15383.0,-6476.4,15445,26259355.090909086,-6833.5,-2504.39,37231,90214019.45242423,-373.5,36.46,36196,104185273.8468687,-481.0,2648.34,33235.0,66301371.822626255,592.5,2
0,6776.43,5656,3370631.2980808076,6932.5,-13863.4,13733,18329272.92929293,-15847.5,-4789.84,15623,24694583.83272728,-3684.5,-1711.6,38797,82128234.86868687,-387.0,-1062.61,43331,116383198.90696967,-316.0,2728.62,32827.0,59358010.39959595,435.0,2
0,6998.54,5520,2691472.452929293,6903.5,-13485.67,14908,22601677.415252525,-15949.5,-5046.04,15760,23030742.503434345,-4525.5,-1783.92,38209,83199624.33696969,-507.0,-1080.06,43047,111700914.2993939,-541.5,2425.87,34275.0,65345905.30616161,437.5,2
0,6364.48,6541,3023770.615757576,6142.0,-14243.94,14523,16276678.016565654,-15748.0,-5108.66,17279,28227083.964040406,-4282.0,-1592.56,37389,78414264.1680808,-519.0,-40.59,39981,89394906.42616162,-158.0,2967.76,33157.0,60882895.638787866,302.0,2
0,7406.95,6843,3774610.532828282,7585.0,-13452.21,13327,18797272.773636363,-15779.0,-4781.02,12372,19848960.58545455,-4039.0,-2532.48,33604,73473986.37333333,-761.0,-1117.16,37429,74045727.91353536,-795.5,1902.78,34081.0,68869578.29454546,86.5,2
0,6765.28,5108,2374839.6379797985,6428.0,-12758.62,12985,20094121.369292926,-15518.0,-6235.38,13788,22731390.17737374,-6908.0,-1003.19,42323,114470847.89282827,-466.5,-465.33,35767,87701570.76878786,-889.5,2606.45,26972.0,41634782.229797974,1056.0,2
0,6529.04,6265,2876476.018585859,6153.5,-13456.39,13888,20205094.179696973,-15706.0,-5566.89,13128,21598366.341313135,-5807.5,-1445.18,37516,86577581.9470707,-17.5,-899.42,37727,93707975.31676768,-661.5,2220.7,30798.0,52582231.78787878,263.5,2
0,6046.19,5854,2569329.4483838384,5788.0,-13269.39,14267,21432056.52313132,-15761.5,-5714.35,14599,22590471.23989899,-5366.0,-2371.04,36140,83970174.20040403,-365.0,-2093.47,44527,110715423.80717172,-2099.5,2995.13,31709.0,59079651.8920202,602.0,2
0,5608.01,5530,2459628.717070707,4954.0,-10366.81,19035,45614993.42818181,-15682.5,-8426.89,15579,32462800.987777773,-9723.5,-1010.5,43355,121164768.010101,-941.0,-871.44,40630,89313366.49131313,-1024.5,1194.86,27658.0,32635636.202424243,379.5,2
0,11880.67,11315,13977999.920303032,13903.5,-1350.47,14262,18531926.332424246,-7.5,-5963.61,33303,82525182.68474747,-8146.0,659.4,34123,84015124.7878788,-761.5,-5716.88,21186,38277324.02585859,-4958.5,-3480.34,21977,36933026.75191919,-4908.5,2
0,9685.04,7611,4477553.089292929,9322.0,-10981.63,16883,32723124.275858585,-13873.0,-7522.7,13143,11892186.030303031,-7701.0,-377.02,30732,78309258.96929292,2032.5,577.81,40746,141087210.78171718,-1393.5,7418.77,35785,115694396.56272729,5963.5,2
0,7011.48,6124,3150342.151111111,6892.0,-13234.63,14761,23489152.477878787,-15873.5,-6028.7,14925,23094056.171717167,-5951.5,-1276.38,38325,91506976.21777779,-319.5,-714.56,41531,101129876.22868688,-94.5,2500.58,31764,59566469.01373738,497.0,2
0,6723.21,5007,2225787.4807070713,6887.5,-12884.16,15189,25224164.9640404,-15677.0,-6429.08,16146,23715497.87232323,-6515.5,-1684.27,40376,102093180.279899,-628.5,-926.51,37759,94997436.05040401,-879.5,1839.49,32790,65987005.78777777,-377.0,2
0,6193.75,5502,1922665.9671717172,6220.5,-13156.84,14273,21042099.57010101,-15474.5,-6726.64,14523,21062062.495353535,-6301.5,-2044.83,37618,98145699.65767677,-1116.5,-766.14,40454,91889060.1620202,-1573.0,3764.88,28707,53419590.18747474,3233.5,2
0,6869.7,4994,2476882.5757575757,6716.0,-10940.34,17307,37207881.964040406,-13852.0,-7596.5,14773,24327397.262626264,-8510.0,-1291.55,39851,119664198.22979797,-410.0,-27.72,33187,84907443.09252524,-27.5,2055.69,32236,62954449.14535354,688.5,2
0,6079.0,5104,1732107.5151515151,6149.0,-13304.96,14406,20704949.37212121,-15473.5,-6333.14,16387,23279218.747878794,-6393.0,-1441.52,38907,99399706.25212122,-563.5,-1013.39,39418,91211566.03828281,-912.5,2942.88,27832,47693126.1470707,1056.5,2
0,6052.94,5401,1902857.8953535354,5725.5,-13575.23,14756,20485747.75464646,-15783.0,-6134.52,14909,22672888.878383838,-6380.0,-1543.3,38264,89857412.4747475,-593.0,-1306.74,42557,91621088.29535353,-925.0,2783.74,30238,50295418.98222222,503.5,2
0,6198.58,5019,1615616.4884848485,6458.0,-13213.3,13303,19086335.98989899,-15815.0,-6193.49,14932,21238200.737272725,-5929.0,-1485.14,37931,98184689.96,-500.5,-495.7,36492,84475077.8888889,-793.5,2696.37,28757,50309549.609191924,798.5,2
0,6150.85,5959,2009736.8762626266,6107.5,-13044.14,13061,19284582.949898988,-15744.0,-6440.24,14080,21576872.790303037,-7106.0,-1540.98,40753,106417972.34303027,-370.0,154.54,37725,95508260.41252525,315.5,2580.13,28402,44523285.7910101,1236.0,2
0,6180.12,5614,2248730.3288888885,6149.5,-13892.14,12943,15682732.626666669,-15707.5,-5523.32,14394,21809918.48242424,-5128.0,-1355.27,37313,85222246.42131314,-553.0,-767.87,42471,92139703.75060607,-226.5,2688.98,30871,59543725.49454547,-144.0,2
0,5870.05,4172,1408578.8560606057,5933.0,-13739.9,13599,16823933.343434345,-15703.5,-6015.21,13939,21525370.45040404,-5304.0,-1694.28,37597,83179575.11272728,-1239.0,-1777.65,40290,90735286.89646465,-2650.0,2211.14,29095,53218633.98020203,76.0,2
0,5627.69,4108,1103568.781717172,5394.0,-14195.66,13848,16606316.994343435,-15808.5,-5689.9,14218,19355753.565656565,-4651.5,-1410.82,40343,90640414.6541414,-626.0,-955.32,44145,101853911.31070705,-287.0,2387.35,28176,46172653.28030303,474.5,2
0,5199.57,5226,1997179.3384848486,5133.5,-12632.92,13150,21538576.90262626,-15626.0,-7175.28,12874,20653271.84,-7712.0,-1531.67,38405,109996700.46575758,-861.0,-98.94,35694,78409229.28929292,-673.5,3085.22,21913,32398258.61777778,1464.0,2
0,13486.17,6966,4255286.162727272,13467.0,-7700.77,15183,32857288.360707074,-7202.0,-2355.06,9388,10478380.077171719,-2683.5,-3411.88,23022,36530323.35919192,-308.5,-226.74,26518,27783036.21454546,-453.5,985.7,36205,93277999.24242426,948.0,2
0,12079.51,8376,6938562.5352525255,12899.5,-8728.78,16366,41150627.627878785,-11489.5,-2391.14,9010,9257601.737777777,-2316.0,-1907.18,28624,57834421.300606064,-244.0,189.7,20385,19035330.676767673,-245.5,1139.45,41837,128804019.40151517,-183.5,2
0,12269.4,7113,5161926.363636363,12827.5,-8323.58,15817,38460172.10464646,-10438.5,-2176.95,8427,8130977.381313132,-1955.5,-809.77,23932,39429691.20919191,-638.5,292.39,19794,16074441.371616159,-177.0,645.49,37038,121304430.55545454,-436.5,2
0,12432.95,7397,5140254.815656566,13122.0,-8763.35,14913,32311327.886363633,-10683.0,-2041.22,7739,7056179.446060607,-2525.5,-1433.21,27422,51790132.85444444,-879.5,119.33,15683,11016713.92030303,-477.5,842.65,33676,99106104.91666667,-327.0,2
0,12512.77,7285,4034535.5122222225,13299.0,-8598.48,14699,31319692.81777778,-10106.0,-2139.62,7234,5080054.581414142,-2520.5,-1010.72,24739,46694256.506666675,-549.0,316.55,16332,11109531.098484848,-382.5,1193.28,33120,100104204.18343434,-206.5,2
0,12255.53,7228,5224827.8273737375,12969.0,-9268.83,14763,29189848.64757576,-10732.0,-2049.45,7976,6945944.795454547,-2395.0,-1270.64,28100,55875507.626666665,-414.0,119.89,15095,15740749.614040406,-603.5,1707.08,32757,108371815.60969697,574.5,2
0,12455.32,6861,4069373.593535352,13012.5,-8969.48,15586,33622663.74707071,-11149.0,-2081.81,6641,4928336.256464646,-2272.5,-351.18,28600,57625088.22989899,-442.5,-97.6,14547,10483293.555555556,-669.0,2123.43,36980,138235008.32838386,-101.5,2
0,12019.88,8683,6960633.278383838,12555.5,-9343.75,16256,36968313.583333336,-12107.5,-505.52,4775,2150800.130909091,-350.5,-491.34,22221,31231412.226666667,-454.0,855.57,15675,9882488.894040402,374.0,948.98,42152,153300408.18141413,-182.5,2
0,12035.0,7831,4589725.575757576,12544.5,-9636.85,15720,33393374.29040404,-12801.0,-379.88,6734,4852878.288484849,228.5,-1169.04,22007,32199060.624646463,120.0,-242.94,15818,13761620.198383838,-784.0,2063.95,39519,145932654.16919193,1283.0,2
0,11794.96,7976,6654115.12969697,12276.0,-9859.25,14796,32498751.23989899,-12732.5,-593.45,7325,6337728.12878788,-372.5,-1165.05,21353,28675795.17929293,-546.0,-642.18,22510,18770804.371313132,-959.0,832.31,42665,128398505.50898987,157.5,2
0,12117.21,7927,6690791.480707071,12620.5,-9261.87,15290,36809642.27585858,-12097.5,-774.75,7745,7263210.553030303,-478.0,-1818.11,24452,31978238.7049495,-1423.5,327.55,20726,19370656.371212125,-930.5,188.11,43810,129132885.49282831,-1470.0,2
0,11339.97,9341,8872807.079898989,12190.5,-9666.39,16921,40677659.49282828,-13168.0,-462.75,7318,6334847.159090909,-107.5,-1550.09,22169,32972803.61808081,-673.0,65.05,19881,19267364.229797978,-309.5,912.93,43363,149911922.2071717,-605.0,2
0,11932.61,10136,9938673.634242425,12562.5,-8993.59,15671,35856886.32515151,-10839.5,-622.83,6750,4867965.395050505,-477.5,-346.37,22108,29185085.407171723,-556.0,-610.97,19995,18476193.645555556,-93.0,702.88,43760,137873274.87434343,-558.0,2
0,12047.15,7637,5447381.441919192,12243.5,-9752.88,15958,36545291.035959594,-13080.5,-173.45,5710,3442498.7954545454,415.5,-1963.12,21551,30841289.359191924,-1228.5,241.69,14146,10785560.054444443,-8.5,-147.44,45291,151332878.8347475,-1559.5,2
0,12053.62,22362,17741466.096565653,11265.5,-5698.66,23039,41356982.650909096,-8562.5,5619.16,12047,14455184.034747476,6699.5,-261.5,14032,15677012.474747475,-204.5,-1545.83,29591,32648625.677878786,-1454.5,842.929292929293,46050.0,163120387.0051536,742.0,3
0,12783.0,15056,18397065.575757574,12260.5,-9620.57,21269,39880177.863737375,-12167.5,2807.04,5639,2592819.1701010102,2918.0,-1049.25,7277,2793836.9166666665,-1052.5,-2160.6,16275,10453485.333333334,-1818.5,2328.93,49011.0,221737610.02535355,5574.0,3
0,11477.5,15337,16721706.676767677,10927.5,-6807.95,23819,63481979.54292929,-10021.5,1473.57,2766,447520.3485858586,1502.0,-1814.6,13160,8128962.08080808,-1413.0,117.86,17759,13229186.525656568,350.5,1547.43,53027.0,243980222.6112121,2756.0,3
0,11026.44,17110,24683966.875151515,10442.0,-5358.37,25786,75179260.07383838,-8493.5,1242.49,4140,910201.9089898991,1025.0,-702.13,11786,8047619.366767675,-1178.5,665.1,9349,4908208.919191919,887.0,1502.13,54758.0,308331357.04353535,2505.5,3
0,11474.84,20032,32622172.903434344,11554.5,-7323.3,23107,59675845.62626262,-10779.5,1192.57,3952,770128.0657575759,1031.0,-1087.9,10442,6258241.626262627,-1041.5,1159.8,7950,2258064.545454545,1115.5,741.03,54672.0,297458456.069798,2388.0,3
0,11196.51,19541,27822484.818080805,10418.0,-8151.95,23962,59957171.84595962,-12168.0,1350.24,3651,741398.9923232322,1322.0,-612.91,9990,4772452.446363637,-652.5,579.73,9229,3047398.5021212124,287.5,1127.83,54485.0,270989346.3445455,2116.0,3
0,11733.27,22524,35561495.77484848,11854.5,-9923.44,20623,39882486.55191919,-13367.0,1308.48,5100,1263300.2521212122,1664.0,-1330.82,15799,13741728.068282828,-576.5,38.66,13248,8817233.7620202,354.5,745.13,53772.0,254261485.75060606,981.5,3
0,11335.72,22105,39758920.547070704,11621.0,-7068.04,24049,59456941.170101024,-10437.5,2341.99,6118,2753769.605959596,2931.0,-2973.67,11150,6471106.687979798,-2472.0,798.26,9797,6480630.557979797,627.5,617.87,55446.0,300217838.4778788,1746.5,3
0,11495.05,22198,39638677.0580808,11892.0,-5769.24,20880,48215434.608484834,-8171.0,3266.53,4280,1055136.5546464648,3376.0,-1331.91,7183,2737796.304949495,-1505.0,714.09,8881,3184470.7493939395,644.5,734.12,54856.0,303890748.8541414,2289.5,3
0,11823.36,22281,37930681.66707071,12011.0,-6837.94,21454,52295635.08727272,-10306.0,2494.76,4101,845580.850909091,2469.5,-1452.19,7530,3030361.1655555554,-1533.0,-102.32,8874,4055000.846060606,84.0,824.83,53852.0,290521420.38494956,2080.5,3
0,10797.67,21177,29856207.092020202,9901.0,-8739.91,21440,51802981.23424242,-13005.0,3246.37,4048,1533094.7607070704,3035.5,-903.71,13466,9187513.218080807,-804.0,-280.76,11087,10520721.80040404,-333.0,1066.19,56054.0,269800205.36757576,1673.5,3
0,11502.75,20550,30582288.815656565,10945.0,-8579.48,20487,44970697.12080807,-12105.5,2233.87,2709,420290.5586868687,2083.0,-497.2,7274,2681134.080808081,-892.0,0.83,5849,1736356.243535354,154.5,849.39,55645.0,279592807.31101006,1824.5,3
0,12563.32,20549,31868256.644040402,13755.5,-1956.47,23381,45890492.23141414,-1541.0,1791.21,20190,36348471.76353536,1352.5,-5001.73,36331,57191110.32030304,-2749.5,-3817.13,19360,28137496.84151515,-690.0,-1678.01,41595,109587477.48474748,-651.5,3
0,9115.47,14220,18330826.251616158,9878.0,-7971.69,34136,103867638.53929292,-11336.0,-4835.9,12591,10390290.070707072,-3665.0,2552.4,46791,179172142.9292929,6187.5,1548.23,27273,30128835.73444444,2041.0,6594.81,53739,295920741.00393945,7650.5,3
0,7263.53,13813,12029137.827373737,7411.0,-10019.89,36472,126727422.48272726,-16088.5,-3570.16,15281,12235077.428686868,-3099.0,-145.66,42729,142347107.90343434,1248.0,1076.76,21518,19851907.8610101,1246.5,3833.09,54045,251571418.38575757,4202.5,3
0,6448.2,14805,19667827.595959596,5724.5,-7024.41,38910,162008729.2140404,-11147.5,-4103.44,17112,19749990.22868687,-2653.0,-1728.68,40928,152919249.00767675,302.0,1205.37,19236,21067024.861717172,2411.5,2129.74,55320,270086241.8711111,1223.0,3
0,7410.99,15308,21047427.343333334,8088.5,-8355.55,37751,141171314.24999997,-14548.0,-4257.4,14377,13018846.545454545,-2856.0,219.08,40841,155030690.17535353,3107.5,2029.33,19683,21401617.496060606,1916.0,4877.35,55226,284887170.5126263,5557.0,3
0,7223.94,17315,26070082.521616165,7378.0,-9306.82,37791,125569763.34101011,-14450.5,-3905.14,16395,14569986.545858582,-2683.5,160.01,44775,160210644.27262625,1986.0,872.72,22463,26010082.85010101,1419.0,3638.01,53332,253812644.47464645,5059.5,3
0,7385.79,16067,18162210.955454543,7589.0,-9301.46,36254,123272378.43272728,-15338.5,-4643.48,17186,14819235.666262627,-3704.0,-930.66,37230,102657012.99434341,1398.5,910.55,22875,31831765.825757567,1222.0,3939.25,55140,246398818.49242425,2772.5,3
0,6448.22,13817,17255905.82989899,6161.0,-10935.79,36063,109652372.53121212,-15955.5,-4228.34,19038,20080957.58020202,-3203.0,-431.08,41388,141851054.96323234,141.5,1577.68,19039,27579687.290505048,2788.5,3213.59,54085,233633077.73929295,2181.0,3
0,6560.56,15923,20575315.945858587,5886.5,-11040.47,36758,121744834.81727274,-16143.0,-3719.29,18604,18560342.55141414,-2761.0,-1789.19,43803,146680277.34737375,42.5,121.39,26762,32622240.78575758,-358.0,2165.1,53094,236602298.0505051,1133.0,3
0,6436.84,14414,19096352.176161613,6870.5,-10650.35,36772,124281573.32070705,-16242.0,-4317.11,18973,22138913.270606056,-2991.0,-1550.78,44662,151277914.92080808,-86.0,1311.18,24521,36271874.89656566,2660.0,2571.56,53520,231655444.65292928,829.0,3
0,6331.97,17580,24727760.372828286,6867.0,-10844.07,37644,123289766.42939392,-16044.5,-4263.85,17355,17952550.856060605,-3101.0,-1986.71,46889,145708210.8342424,-441.0,956.89,21289,23320528.64434344,-146.0,2464.09,55934,245656323.1332323,1901.0,3
0,6832.25,18565,26198867.23989899,5321.0,-10187.22,37080,125306348.15313129,-16152.5,-3993.57,16738,17304371.641515154,-2992.5,-2146.61,44945,151197565.31101012,-437.5,1674.19,22332,27355497.61,11.5,2289.95,54280,237172822.87626263,851.5,3
0,6021.67,19614,28396089.13242424,5543.5,-11210.4,37244,122329094.8080808,-16098.5,-3112.36,20852,28373593.364040405,-1639.5,-1524.67,50364,189273609.92030305,-57.5,1577.74,24804,36084058.881212115,514.5,1804.4,55934,248769135.3131313,663.0,3
0,6455.05,15950,25398522.73484848,6572.5,-12162.05,35262,103182483.1388889,-16304.5,-4993.04,21361,30105990.988282826,-2978.0,-1517.73,49363,175802027.18898988,22.5,1472.42,28824,39285569.15515152,377.5,2138.76,52737,209579716.95191917,890.0,3
0,7792.59,15443,18089843.84030303,7296.0,-12055.41,32540,85232316.50696969,-16012.5,-4632.1,17264,17928308.515151516,-3174.5,-588.62,43251,159239801.26828286,1047.5,1214.63,18028,17010743.44757576,132.5,3358.21,54530,233585021.44030303,2010.5,3
0,6739.66,18165,28083352.81252525,6218.5,-4185.5,29246,124217353.9090909,-5139.0,-1464.85,9519,9581685.300505051,-151.5,-5372.44,40754,111925109.15797979,-3404.0,-862.91,15960,12450203.719090909,-470.5,-4842.85,53238,241957835.5025253,-2300.0,3
0,7453.03,14396,21796813.463737372,7246.5,-5576.88,30853,136147399.6622222,-11153.5,-1827.27,9737,8149299.391010101,-1875.0,-3120.39,42334,146369772.36151513,-862.5,-69.26,21803,23172282.638787884,110.0,-994.51,56468,345345248.8382828,-2169.0,3
0,7915.74,13401,16895293.891313132,8046.0,-6275.38,32504,116505995.32888891,-10541.0,-2877.65,10335,10858329.280303031,-3094.0,-2618.75,41488,175117653.38131315,-1785.0,-110.0,22469,24783177.01010101,897.0,1172.76,52767,349005494.5882828,-2138.0,3
0,8644.0,13050,15150884.565656565,8664.5,-5548.2,31514,119536604.8888889,-9526.0,-2570.02,8577,7755698.464242425,-3112.5,-1287.15,44248,181919227.07828283,653.0,-424.86,22992,20220140.545858588,-1189.0,2026.57,54267,332307902.1869697,3910.5,3
0,8416.76,11434,12279668.52767677,7763.5,-6284.96,29669,121979305.23070708,-12194.5,-1927.03,9378,8885802.090000002,-1965.5,76.23,41440,160484627.8960606,1738.5,-88.25,22674,20666870.553030305,563.5,2032.47,56473,316365906.9182828,2992.5,3
0,8568.53,12801,17477338.00919192,8887.0,-4566.1,29355,119470275.1212121,-8011.5,-2759.32,9068,7378707.755151518,-2282.5,-758.26,41679,173183426.1539394,765.0,-418.04,18504,21553221.35191919,366.0,2179.11,50070,296733896.9069697,2162.5,3
0,8686.15,11418,12769404.088383837,8718.0,-3779.83,28567,119610497.6980808,-5940.0,-3197.26,9793,8813137.83070707,-3001.0,-473.6,39006,134053284.24242425,575.5,44.46,26599,37109245.01858587,-450.5,2674.49,48215,241594658.75747472,3842.5,3
0,8142.71,10866,9606831.601919191,7795.0,-3705.79,29558,123233247.15747476,-4923.5,-3292.1,10350,8591766.01010101,-2859.5,366.58,43404,163890775.37737373,1381.0,401.72,27815,29933834.668282825,51.5,1825.54,47776,242533486.2711111,2785.5,3
0,8131.72,11938,11370251.294545455,7747.0,-4420.68,29392,113451478.3612121,-6529.0,-3414.37,11806,12315994.255656565,-3145.0,554.74,46641,219643559.10343435,1826.0,-367.52,31770,37717392.110707074,-910.5,551.44,45360,261103242.10747474,3240.0,3
0,8094.24,14714,18492764.103434343,9176.0,-5244.79,28564,109803463.98575759,-8402.5,-3504.41,9793,8423517.961515153,-3501.0,-1100.37,49755,244674073.54858583,256.0,-1346.01,28185,37290279.16151515,-2088.5,221.2,46456,315639386.8080808,980.0,3
0,8463.71,12732,15807686.894848486,9186.0,-4009.18,29400,115258358.27030306,-6174.5,-4223.83,7841,6212222.930404041,-4178.5,-895.46,46929,221257618.3721212,332.5,-145.97,19958,23049830.918282833,791.0,979.58,44946,275646429.660202,885.5,3
0,7920.47,13412,15396998.696060607,8053.0,-5275.2,29418,110442071.21212125,-8134.5,-4138.05,10378,10409983.805555556,-4058.0,-749.37,49203,235706665.9930303,657.0,-1177.76,25156,31326930.608484846,-1239.5,1255.09,45694,276351401.29484844,1846.5,3
0,7700.11,9523,8940129.129191918,7204.5,-5835.38,29111,107990765.61171716,-9699.5,-3641.71,11907,14004061.036262626,-3563.0,-579.39,50226,256408481.59383836,-59.0,-182.52,30220,43104271.12080809,686.5,1157.21,42616,234843115.15747476,-117.0,3
0,7011.03,5401,3012145.5849494953,7589.0,-7047.34,28910,113310791.88323233,-15109.5,-4993.37,13960,18877857.892020203,-4266.0,-5238.68,54634,203557923.16929296,-1356.5,1728.21,9969,5083536.228181818,1248.5,-2409.22,19321,28350536.73898991,-171.0,3
0,7328.67,6347,4485891.718282828,8495.0,-8045.42,28621,106187816.38747473,-14065.0,-6026.99,10886,12555710.93929293,-4954.0,-2660.52,55733,277733939.3026263,-3995.5,262.3,11802,5894412.919191919,295.0,-604.28,31200,95822052.06222224,-2361.5,3
0,7660.59,7019,4300450.284747475,8170.0,-8375.75,27264,80933358.20959596,-12594.0,-6804.58,10324,11265063.599595958,-6513.5,58.94,53315,334466342.13777775,3079.0,44.02,9595,5162863.898585859,-340.0,1495.0,27198,93648526.2020202,1951.0,3
0,8364.34,5761,3627647.196363636,9278.5,-6613.46,27928,116858543.82666667,-11883.0,-5740.43,11226,13087854.671818176,-4883.5,2567.67,53736,243330923.77888888,1609.5,161.72,6681,2127787.173333333,337.0,1680.19,31672,103633656.37767676,975.0,3
0,8158.84,5535,3028906.56,8755.0,-6185.94,26481,101790955.87515149,-8519.0,-6471.16,11338,11286893.994343435,-5622.0,1833.46,55088,287544428.7357576,510.0,470.45,9929,4773739.724747474,387.5,579.67,27839,75768792.66777776,-765.0,3
0,7825.93,5910,4001937.5607070713,8664.5,-5148.16,26372,96093776.21656568,-6517.5,-6727.04,10478,10968916.058989896,-5675.5,2294.71,52507,285788562.53121215,2446.5,318.12,13555,10250720.854141414,774.0,1090.44,21839,51090285.440808065,507.0,3
0,7695.92,5110,2031286.5389898992,8139.0,-4826.76,26844,102708262.85090911,-6364.5,-7556.77,10254,10511578.643535353,-7273.0,157.94,55292,333349089.0266667,2145.5,472.91,11303,7479258.6887878785,611.5,1649.3,24536,65028633.38383838,95.5,3
0,7402.37,5049,1153856.397070707,7628.0,-5480.66,27376,102694320.14585857,-7846.5,-8000.12,9461,7015984.631919191,-7685.0,-1512.08,51450,301735708.39757574,-2921.0,11.83,9030,3529777.3546464643,114.0,635.02,22834,75094524.70666666,-1741.0,3
0,7095.92,5099,2386213.3672727277,7609.0,-7738.7,24982,87452596.31313132,-12404.0,-7301.35,10361,11152195.48232323,-7407.0,-1380.36,53812,285797441.3034343,-3468.0,-15.98,9663,6848076.484444445,-68.5,719.09,25095,67812936.66858587,-1906.0,3
0,6778.4,6066,4041720.383838384,7574.5,-5707.93,27017,109667301.39909092,-6872.5,-6800.98,11100,10739443.494545454,-6947.5,-4194.3,50416,205417610.73737374,-3884.0,-23.19,6605,2528658.882727273,495.5,-1463.01,24354,43669125.30292929,-2216.0,3
0,6955.56,5076,2313183.279191919,7589.0,-7478.25,26655,102065940.12878788,-13251.0,-6907.44,10475,8695597.804444443,-6588.5,-2144.21,51981,257132753.420101,-2607.5,-304.02,7226,3039513.7571717175,-149.5,-358.98,25777,69053498.48444442,-1533.5,3
0,6907.64,4354,1597176.6165656564,7206.5,-6989.35,26593,94208259.26010099,-10904.5,-7857.87,9512,9982722.861717172,-7137.5,-278.14,55058,321047644.2832323,-567.0,706.94,13025,9320249.632727273,1128.0,-119.29,19359,45883103.076666676,-1172.5,3
0,6996.93,3332,951204.005151515,7234.5,-6758.31,26144,94460955.65040405,-10216.0,-8171.01,9021,7431466.171616162,-7811.0,-176.33,54303,313997296.8697979,-105.0,319.38,7403,4150054.3389898986,380.0,643.0,20963,49781492.60606061,-1128.5,3
0,13047.56,11567,5756977.541818182,13679.0,-11642.82,16240,20350866.229898993,-9443.0,-1113.26,7224,6750575.83070707,-2575.0,-3632.69,26961,47833211.87262627,-636.5,752.36,29162,33017300.87919192,229.5,-603.95,35180,63159277.23989899,-19.5,3
0,7107.53,9634,4099255.281919193,7037.0,-8723.08,33953,129012678.0541414,-14675.0,-3437.87,13368,15323573.144545455,-3796.0,-381.54,55832,279365536.8165657,-1112.5,-267.18,30071,43473592.775353536,701.0,-1705.24,40707,156116860.38626263,-1759.5,3
0,6922.65,10658,6829723.684343434,6248.0,-9380.13,35845,135638129.3263636,-16118.5,-2479.69,10573,10011492.155454548,-2711.5,796.82,52181,216429888.67434347,206.5,498.95,20616,25025155.13888888,-156.0,350.61,46864,169728028.54333332,513.0,3
0,7289.86,8148,4559425.636767676,6839.5,-7566.2,30609,111273016.38383837,-9352.0,-4301.55,12565,10534631.724747475,-4402.0,-2034.36,53916,259403745.72767675,-4895.5,435.34,27634,38972708.20646465,-330.5,-1591.86,40692,146565197.39434344,-3886.0,3
0,7436.36,7686,4163816.1519191917,6603.5,-7325.23,30959,127981009.4920202,-12884.5,-4026.66,13062,10293748.307474747,-3838.5,231.86,54486,250659347.11151516,-140.5,751.78,27018,35180822.597575754,248.0,1295.4,37939,126634393.47474745,-380.5,3
0,7963.83,6357,2684533.7990909093,7905.0,-8402.07,30770,114123429.56070705,-12963.0,-4705.08,12935,9349186.781414142,-4698.5,950.64,55744,305630337.8488889,721.0,1408.15,18632,25941471.845959596,152.5,1901.4,41804,163094507.87878788,421.0,3
0,9889.53,7965,5261053.766767677,10146.5,-8138.7,29049,109364230.83838388,-12415.0,-1621.8,6638,2167331.151515151,-1336.5,509.36,43848,131041325.76808083,-1340.0,1600.47,13926,15495683.059696972,1456.0,-449.13,51659,211177417.73040402,1220.0,3
0,7663.63,7466,4170295.932424243,6959.5,-8746.45,31547,120752785.11868687,-14343.0,-5796.29,14120,12215482.511010103,-6053.0,152.89,54466,264500205.9776768,479.5,-942.41,21711,26368886.527171716,-1103.0,3896.78,35841,125738850.86020204,428.5,3
0,6858.82,5185,1989408.1894949493,6889.5,-7488.01,32988,125915544.25242426,-12594.5,-5668.01,12066,10838371.040303031,-6344.5,57.67,55178,276393719.2334344,-1241.5,246.75,22252,18907616.310606062,-40.0,1347.06,31806,93683286.5620202,-566.0,3
0,6553.49,7035,4357945.8685858585,6603.5,-9717.48,30364,97501578.59555556,-15874.0,-3930.47,13402,15700267.847575756,-4580.0,87.37,53337,230572247.7910101,33.0,547.07,21148,20579963.68191919,610.0,-1021.82,35793,97744715.5430303,-783.0,3
0,7185.38,6914,3641859.1470707073,7369.5,-8650.77,29789,108269144.50212122,-14814.0,-4824.6,11652,11491162.181818182,-5497.5,146.42,52988,244975158.5086869,-442.0,830.29,17427,18174528.1069697,917.5,662.1,34272,100607616.29292929,-89.0,3
0,7759.9,7383,3468465.909090909,8056.0,-8645.02,29510,109786694.1208081,-14892.5,-4511.49,11472,11612148.515050502,-5010.0,222.62,53717,247930935.5915151,-929.0,9.68,16898,15171139.694545455,-202.5,604.94,36691,120532966.19838384,-1101.5,3
0,6132.85,8109,4178311.563131314,6375.0,-9937.21,30903,107123697.54131313,-15913.5,-4120.26,13151,14471384.315555556,-5186.0,-335.43,55896,276820411.9041414,530.0,1096.9,24022,20348844.595959593,1188.5,1219.93,36284,103703239.98494945,422.0,3
0,6560.3,4785,1342977.0404040406,6581.0,-8554.18,33923,137732530.81575757,-15239.0,-5941.46,12729,12501545.240808083,-6335.5,933.07,55055,266437666.0051515,-595.5,719.84,27217,30883836.883232318,618.0,1427.1,29327,79487595.8080808,-47.5,3
0,11516.34,14046,13071705.620606061,10887.5,-7476.4,20806,44759189.898989886,-10807.5,4551.42,7184,3786436.367272727,4189.0,-2630.38,14854,17171015.28848485,-843.0,661.32,26419,34034911.61373738,-153.5,-564.43,52422,218419757.80313134,-2680.5,3
0,7719.97,10656,8508074.029393941,6390.5,-9251.58,25858,66056809.84202022,-14004.5,6852.52,8552,6787076.979393939,7124.5,-1547.53,33059,81745839.48393941,482.5,-374.27,33549,61461321.37080807,-1076.0,330.8,52239,226750936.38383842,2697.0,3
0,9473.26,12390,12560687.951919192,7669.5,-8668.1,24489,63685954.03030303,-13437.0,5099.42,5767,2885484.771313131,5494.0,-2023.08,15672,17325029.38747475,-1253.5,-519.86,21902,21724011.030707076,-1455.5,-56.63,52692,246135635.28595957,487.5,3
0,8468.43,26205,53677217.60111111,9345.5,-8004.05,22827,60262428.43181818,-11914.0,4549.38,9213,8004929.793535353,4659.5,754.64,32350,87524381.32363637,-623.5,-3224.24,21995,28967029.43676768,-3420.0,410.27,54589,294367093.7344445,1919.0,3
0,11252.61,18299,36499120.927171715,12045.5,-3275.05,25471,77484866.81565657,-5137.5,-257.03,14688,13698258.211212123,-363.0,-3926.55,34783,82560224.87626263,-2520.5,-1677.7,36502,110477296.15151517,-3153.0,303.45,49388,256592103.30050504,-818.0,3
0,10469.74,21664,41188211.46707071,10726.5,-6090.37,25632,71850932.41727272,-9645.5,1276.14,7321,4340952.808484848,1337.0,-3168.8,12042,7510410.000000001,-2818.0,1535.24,27151,33378298.12363636,2015.5,442.67,55418,289454474.8495959,1328.0,3
0,10631.24,21438,35868371.67919192,10720.0,-3332.93,23858,67994635.90414141,-6963.0,3073.4,13942,21435457.29292929,1197.5,-5395.39,18583,32476341.47262627,-3120.5,3505.01,30672,57792071.787777774,2443.0,9.14,50837,240740343.23272732,4026.5,3
0,5873.92,14827,17765727.08444444,6722.0,-6040.26,25878,74017760.53777778,-11164.0,8246.62,18856,33700170.379393935,9770.5,-1521.97,53603,232616965.84757575,-3197.0,-579.94,15208,13695500.844848486,-1113.0,-751.47,40967,142889904.19101006,2907.0,3
0,6799.18,21226,38775673.50262626,7242.5,-4829.19,24557,73578717.61,-8446.0,6122.44,20973,39183489.15797981,3535.5,1064.41,50900,214413629.94131312,-1953.5,-3260.39,22631,25650375.654444445,-1256.5,3053.29,45268,184331547.35949498,2043.0,3
0,10485.67,19836,39506507.17282829,12238.0,-2328.59,25401,83597756.97161616,-4415.5,-589.99,12277,11465439.929191919,-1586.0,-4699.69,25600,40364355.79181819,-2816.0,-0.17,28346,55582075.49606061,145.0,807.59,54840,293173418.78979796,879.0,3
0,10910.14,22001,41846060.56606061,12638.0,-2595.29,22890,71012217.33929293,-4885.5,417.96,10975,10755292.200404039,-1323.0,-2525.83,22238,29449147.273838386,-989.5,-2163.35,30535,64478892.65404041,-1764.5,2468.49,54400,288794260.6766667,4408.0,3
0,9799.19,23134,47121864.882727265,11663.5,-3646.05,25406,76891840.51262625,-6279.5,1219.14,15362,18339244.0610101,104.5,-6334.74,19754,31763980.09333334,-4941.5,-164.28,30500,53248428.264242426,963.0,709.73,55899,312412061.55262625,3099.5,3
0,9299.42,23076,47825322.93292929,10094.0,-6439.82,26685,83736239.30060606,-11270.5,6207.08,15546,24258600.963232324,8256.5,721.64,46077,194401923.0004041,2609.0,-2441.73,20327,25908042.15868687,-1386.5,-253.05,52641,276015778.8560606,-688.5,3
0,9143.36,25839,62932933.828686856,11542.5,-6536.21,22564,49159776.349393934,-9698.5,5394.69,11409,15016428.296868687,7218.5,696.94,34387,116116017.4711111,209.0,247.28,12255,6600069.213737374,-34.5,-2901.31,55240,357422798.6201009,-1940.5,3
0,11430.22,14091,13453965.425858587,10549.0,-6956.83,29097,92105326.82939397,-11180.5,3907.32,6847,4286054.785454546,4074.0,-2217.21,18791,22580106.915050503,-543.0,-3134.24,18078,16795810.891313132,-1609.0,-4526.53,40461,139886328.61525252,-2386.0,3
0,10927.28,18377,20225293.57737374,11428.5,-5369.1,25438,67540365.18181819,-7091.0,4427.34,13634,11279260.994343435,5594.0,-113.99,21953,29668941.28272728,-1413.0,-1301.28,26334,40579095.15313132,-2181.5,4978.04,52106,306086244.96808076,8628.0,3
0,12581.19,22783,32490050.115050502,13217.5,-11933.75,25889,49187384.39141414,-14605.0,-1911.74,10120,5876164.76,-1716.5,827.72,36658,104166526.72888888,1713.0,199.13,10574,7357437.225353534,703.0,3941.02,54238,285541968.76727265,5723.0,3
0,10390.23,19379,26419619.20919192,9700.5,-9964.55,27060,69995638.89646466,-14734.0,-63.52,4640,2077392.0298989897,-276.0,448.67,23187,42104257.23343434,478.0,-379.39,7807,3273279.0483838385,-59.0,725.09,54803,265252630.72919187,1963.0,3
0,10546.66,18383,24460844.57010101,9478.0,-10023.36,25320,71588589.08121212,-14906.0,-1048.02,8568,4697446.04,-681.5,-1181.44,32249,71414965.44080807,-528.5,80.39,12441,6043962.199898991,184.5,-319.91,55108,251942526.1433333,432.0,3
0,10054.8,21648,35599108.42424242,9548.5,-10632.46,28143,77100981.88727273,-15365.0,-920.9,10815,8309167.141414142,-338.5,-656.29,35473,97145760.97565657,-841.5,783.26,9532,6418837.002424241,528.0,-1480.37,55710,271114208.03343433,32.5,3
0,10480.91,25121,48179634.93121213,9004.0,-9312.58,30625,93368242.10464647,-14797.0,15.62,10765,6765113.51070707,442.0,-1594.67,38307,97960302.10212123,-207.0,386.34,18871,16132259.095353536,-603.5,-642.95,54287,223465433.48232323,-852.5,3
0,10172.71,23127,35435467.15747474,9935.5,-12265.91,24679,40219827.49686869,-14549.0,-943.97,14139,12867696.271818183,216.0,-2149.78,40420,119801379.20363636,-305.5,-1259.49,9379,2556412.2322222227,-931.0,255.37,54010,240493361.28595966,553.5,3
0,9997.5,23195,37696578.434343435,9794.5,-8792.42,34038,111014400.06424244,-14058.0,764.73,12038,6874637.492020201,873.5,-1643.94,28454,55592513.55191919,-379.5,2383.01,22317,30364872.777676765,497.0,363.82,55903,250229442.59353533,33.5,3
0,9759.16,26106,42488945.469090916,9044.0,-10088.69,30746,78646674.88272728,-13707.0,42.19,12518,8427162.84232323,1125.0,-3018.13,31851,63665546.03343434,-1174.0,-184.32,18887,15662554.724848486,-663.5,197.51,53351,209257902.55545455,948.5,3
0,9616.2,25440,44665487.49494948,9139.0,-10841.66,36441,92914442.32767676,-14832.0,229.53,14117,9077924.170808082,781.5,-1234.23,41305,99472813.83545455,614.5,489.01,20169,19088453.72717172,-101.0,-147.28,53424,232504717.21373734,-555.5,3
0,10431.25,23213,44540773.603535354,9705.5,-9861.77,32080,85066655.61323233,-14288.0,-1000.13,11273,6021787.245555556,-550.5,-1426.52,38346,110137362.41373739,-64.5,1381.43,11807,9645182.5910101,733.0,-510.19,55282,239520632.88272727,-571.5,3
0,9963.9,22602,35221911.84848485,9799.0,-10515.31,29615,66140815.32717171,-11320.0,4903.31,7675,4658954.135252526,4275.0,-2010.97,14271,14285895.544545459,-1782.5,-1153.55,26380,36265015.542929284,-643.5,4017.29,57009,270526934.97565657,3451.5,3
0,9707.35,24641,45179502.22979798,9834.0,-12078.69,25884,53444972.09484848,-14227.5,4058.15,6967,2581788.4520202023,3815.5,-1345.02,15419,11308555.009696972,-988.0,128.49,17536,12655077.484747473,191.5,1078.3,58223,297994083.90909094,2731.5,3
0,9652.09,22396,32821861.07262626,8505.5,-12121.55,27227,52747552.10858585,-14546.0,3266.22,5705,3060905.0218181815,3079.5,1856.49,13317,12308594.030202022,385.5,-442.34,19794,20681121.51959596,-1973.5,-384.43,54654,222544378.510202,1187.0,3
0,9103.68,23698,39336856.70464646,8342.0,-12129.33,33787,79031819.41525252,-15286.5,-1842.21,20349,30714725.844343435,742.5,-6268.57,33216,89912233.43949495,-978.5,-301.05,20266,30885784.20959595,-1704.5,-853.3,55664,225682326.5959596,582.5,3
0,10878.11,24444,41493823.99787879,10480.5,-14326.03,25391,54921673.645555556,-16157.5,244.66,8735,5810057.681212121,1259.0,-6286.67,31906,86186385.25363638,-1174.5,-1493.93,19096,13459473.621313129,-1840.0,-1376.23,59093,294320537.0879798,362.0,3
0,9662.94,27518,53393488.94585858,8735.5,-12974.14,30918,71553329.33373739,-15547.5,1275.83,7165,2581187.4152525254,923.0,-2113.0,28887,53477012.5050505,-141.0,647.77,12013,11115541.673838384,1149.0,593.18,57101,261824450.51272726,582.0,3
0,10071.36,25356,40608374.57616161,9734.5,-14039.3,27708,52561193.06060607,-15487.0,822.92,5165,1643511.1854545453,780.0,-752.07,28122,45912320.75262626,-395.5,976.74,16871,17471706.780202016,1169.5,139.16,56713,238256970.05494952,-872.5,3
0,7967.95,29228,59512887.785353534,7570.5,-13066.72,28012,52369443.79959595,-15734.0,951.93,3925,948927.3586868687,807.0,-2462.53,23750,25350975.726363637,-1562.5,1124.95,19158,24544618.795454547,1119.0,1311.42,54399,228203718.4076768,282.5,3
0,9390.02,27470,57847941.312727265,8181.5,-14562.91,29385,53671068.54737374,-15142.0,-1161.15,14416,16340784.91666667,608.5,-3726.01,33121,72528873.66656564,-442.0,655.2,15232,14296180.262626262,398.5,966.22,56437,247998283.85010096,848.0,3
0,8747.89,27742,50463370.48272726,8698.5,-13337.16,27146,50523177.71151515,-15435.0,-55.71,13808,13573935.03626263,1247.5,-4399.03,31463,67601154.5748485,-874.5,-261.2,15462,15638517.333333336,258.5,1903.0,55728,258529511.65656567,791.0,3
0,9081.94,23900,39215110.52161615,7720.0,-15834.61,24689,38530234.76555555,-16142.5,-925.67,11930,8439991.617272727,222.5,-789.09,31976,61359994.62818183,-365.0,892.66,21870,28848488.650909092,489.5,391.58,53813,202490373.21575758,116.0,3
0,9257.3,28360,52605904.797979794,7562.0,-15812.87,27140,43907155.7910101,-16156.0,-1244.69,14108,11602633.084747477,261.0,-3020.05,34556,85075406.91666666,-115.5,428.25,11893,8697700.957070706,535.5,1338.63,54747,224956744.59909093,1521.5,3
0,9025.71,17426,29332010.51101009,9923.0,-8738.18,29909,87356424.45212121,-13194.5,1308.92,5888,2705954.5995959593,1326.0,-484.51,12408,9266700.99989899,-681.0,1192.64,22752,25978812.96000001,977.0,330.38,58631,311490092.0965656,624.5,3
0,9538.9,19904,35663768.63636363,10258.5,-7457.2,27700,89217535.53535356,-13226.0,1103.02,8089,4642485.817777778,1078.5,-2359.68,16746,24433191.149090912,-535.0,36.97,14576,15293483.22131313,654.0,269.81,58778,331127024.559495,264.5,3
0,9473.59,19767,32050573.96151516,10052.0,-1487.78,28770,124736427.40565653,-5877.0,3498.03,6649,2161078.8172727274,3158.0,-2459.97,15024,8898164.231414143,-1640.5,-433.44,18380,25558819.78424243,-201.5,-8138.989898989899,46011.0,122852287.07132548,-4904.0,3
0,10922.26,15466,23085612.517575752,10487.5,-3632.13,30390,112296116.11424242,-7556.0,980.25,8438,5075202.654040404,1873.0,2206.08,31532,74513482.98343433,-617.0,1779.21,18189,27355694.773636363,1586.0,-603.65,58526.0,335063212.18939394,-1795.5,3
0,11162.4,17048,28198441.515151516,10906.0,-2617.68,29048,99502561.27030303,-3625.5,618.46,6650,3760182.412525253,1127.0,967.56,31305,87425482.04686867,-202.0,849.04,17279,24849755.937777784,1773.0,-382.34,55620.0,328248842.2670707,-32.5,3
0,11045.05,15914,21329582.108585857,9855.5,-5678.09,29671,92462006.74939393,-9650.0,1272.07,6126,2769471.156666666,1968.0,658.87,33708,85010661.64959595,881.5,765.72,16342,18199602.547070704,2070.0,1511.27,56145.0,313421620.42131317,2869.0,3
0,10638.51,17942,34273552.79787879,10795.5,-3063.54,27149,103061561.88727273,-5712.0,213.83,6526,5425693.334444445,450.5,584.05,40961,140628918.18939397,83.5,611.54,13338,12652511.261010097,-727.5,-314.09,56463.0,277736770.38575757,-98.5,3
0,10930.08,18763,27265441.710707072,9817.0,-5878.83,29102,95986022.7889899,-10612.5,1250.02,5687,2213711.0905050505,1772.0,262.24,34735,92158856.4670707,8.5,952.7,16057,15115382.030303027,673.0,1072.12,56368.0,286068642.429899,1255.5,3
0,10889.83,16133,22991479.496060606,10271.0,-5677.28,27584,96122042.91070706,-10525.5,-1083.02,9794,7744330.706666667,-455.0,-1155.68,44807,158403549.14909092,-352.5,-38.19,11388,6253874.842323231,-657.0,-116.37,56348.0,288994847.5687879,-433.5,3
0,11078.01,18296,29447277.585757572,10565.5,-4656.85,27852,102881093.5429293,-9710.0,-1150.03,9590,8944360.170808082,-463.5,393.01,46467,178336112.9392929,640.5,-520.6,8417,5287025.515151515,-741.5,439.74,54519.0,269006740.0731314,1199.5,3
0,11069.0,18127,26982229.717171717,10550.0,-4496.83,27999,102400030.46575756,-9404.0,-433.07,7676,5736231.681919192,213.0,687.94,42872,143593056.0771717,-175.5,1535.11,12331,7031115.007979797,717.0,817.47,52756.0,250589388.47383833,904.0,3
0,10537.64,18799,29895269.929696966,9843.5,-4985.25,29260,106217269.76515152,-10381.5,509.16,8316,4427939.125656567,1037.0,-1165.77,37531,114357456.32030305,256.0,-167.99,8476,3153732.2726262626,42.0,951.86,55852.0,276039192.6064647,1510.0,3
0,10760.56,20562,33366794.814545453,10217.5,-4712.5,31409,117214121.04040404,-10408.0,-358.52,7699,4187427.625858586,632.0,-1136.68,41611,134477603.57333332,-771.5,-401.31,8883,5469792.115050505,-557.0,748.36,56431.0,276763930.0105051,-212.0,3
0,10421.61,19912,34698030.30090909,10734.0,-4218.74,29234,105383625.5882828,-8534.5,-1772.81,9488,7339727.609999999,-849.5,1719.5,47537,189881578.95959595,1728.5,353.14,12118,13933329.535757575,1941.0,278.16,52924.0,256397196.8226263,1606.5,3
0,10291.41,20454,33644010.66858586,10505.5,-4085.89,31270,118048623.57363637,-9950.5,-2592.58,9889,6759591.7410101,-1327.0,-156.35,47629,179710289.8863636,-1411.0,912.34,16737,20630769.075151514,617.0,-667.23,53265.0,238299702.54252523,-1620.5,3
